/*
MySQL Data Transfer
Source Host: localhost
Source Database: wedding
Target Host: localhost
Target Database: wedding
Date: 11/2/2011 8:23:31 AM
*/

SET FOREIGN_KEY_CHECKS=0;
-- ----------------------------
-- Table structure for albums
-- ----------------------------
CREATE TABLE `albums` (
  `id` int(11) NOT NULL AUTO_INCREMENT,
  `title` varchar(255) COLLATE utf8_unicode_ci DEFAULT NULL,
  `description` varchar(255) COLLATE utf8_unicode_ci DEFAULT NULL,
  `kind` varchar(255) COLLATE utf8_unicode_ci DEFAULT NULL,
  PRIMARY KEY (`id`)
) ENGINE=MyISAM AUTO_INCREMENT=58 DEFAULT CHARSET=utf8 COLLATE=utf8_unicode_ci;

-- ----------------------------
-- Table structure for captcha
-- ----------------------------
CREATE TABLE `captcha` (
  `captcha_id` bigint(13) unsigned NOT NULL AUTO_INCREMENT,
  `captcha_time` int(10) unsigned NOT NULL,
  `ip_address` varchar(16) NOT NULL DEFAULT '0',
  `word` varchar(20) NOT NULL,
  PRIMARY KEY (`captcha_id`),
  KEY `word` (`word`)
) ENGINE=MyISAM AUTO_INCREMENT=688 DEFAULT CHARSET=utf8;

-- ----------------------------
-- Table structure for cat_club
-- ----------------------------
CREATE TABLE `cat_club` (
  `id` int(11) NOT NULL AUTO_INCREMENT,
  `title` varchar(250) DEFAULT NULL,
  `meta_title` varchar(250) DEFAULT NULL,
  `meta_description` varchar(250) DEFAULT NULL,
  PRIMARY KEY (`id`)
) ENGINE=MyISAM AUTO_INCREMENT=11 DEFAULT CHARSET=utf8;

-- ----------------------------
-- Table structure for cat_news
-- ----------------------------
CREATE TABLE `cat_news` (
  `id` int(11) NOT NULL AUTO_INCREMENT,
  `name` varchar(150) COLLATE utf8_unicode_ci DEFAULT NULL,
  `meta_title` varchar(150) COLLATE utf8_unicode_ci DEFAULT NULL,
  `meta_description` varchar(150) COLLATE utf8_unicode_ci DEFAULT NULL,
  `description` varchar(255) COLLATE utf8_unicode_ci DEFAULT NULL,
  `img` varchar(255) COLLATE utf8_unicode_ci DEFAULT NULL,
  `total` int(11) DEFAULT NULL,
  PRIMARY KEY (`id`)
) ENGINE=MyISAM AUTO_INCREMENT=101 DEFAULT CHARSET=utf8 COLLATE=utf8_unicode_ci;

-- ----------------------------
-- Table structure for club
-- ----------------------------
CREATE TABLE `club` (
  `id` int(11) NOT NULL AUTO_INCREMENT,
  `title` varchar(255) COLLATE utf8_unicode_ci DEFAULT NULL,
  `content` text COLLATE utf8_unicode_ci,
  `img` varchar(255) COLLATE utf8_unicode_ci DEFAULT NULL,
  `cat_id` int(11) DEFAULT NULL,
  PRIMARY KEY (`id`)
) ENGINE=MyISAM AUTO_INCREMENT=27 DEFAULT CHARSET=utf8 COLLATE=utf8_unicode_ci;

-- ----------------------------
-- Table structure for contact
-- ----------------------------
CREATE TABLE `contact` (
  `destination` text COLLATE utf8_unicode_ci,
  `id` int(11) NOT NULL AUTO_INCREMENT,
  PRIMARY KEY (`id`)
) ENGINE=MyISAM AUTO_INCREMENT=3 DEFAULT CHARSET=utf8 COLLATE=utf8_unicode_ci;

-- ----------------------------
-- Table structure for content
-- ----------------------------
CREATE TABLE `content` (
  `id` int(11) NOT NULL AUTO_INCREMENT,
  `content` text COLLATE utf8_unicode_ci,
  `idpage` int(11) DEFAULT NULL,
  `key` varchar(255) COLLATE utf8_unicode_ci DEFAULT NULL,
  PRIMARY KEY (`id`)
) ENGINE=MyISAM AUTO_INCREMENT=39 DEFAULT CHARSET=utf8 COLLATE=utf8_unicode_ci;

-- ----------------------------
-- Table structure for lang
-- ----------------------------
CREATE TABLE `lang` (
  `id_lang` int(10) unsigned NOT NULL AUTO_INCREMENT,
  `name` varchar(32) NOT NULL,
  `active` tinyint(3) unsigned NOT NULL DEFAULT '0',
  `iso_code` char(2) NOT NULL,
  `language_code` char(5) NOT NULL,
  PRIMARY KEY (`id_lang`),
  KEY `lang_iso_code` (`iso_code`)
) ENGINE=InnoDB AUTO_INCREMENT=3 DEFAULT CHARSET=utf8;

-- ----------------------------
-- Table structure for media
-- ----------------------------
CREATE TABLE `media` (
  `id` int(11) NOT NULL AUTO_INCREMENT,
  `file_path` varchar(255) COLLATE utf8_unicode_ci DEFAULT NULL,
  `upload_time` bigint(20) DEFAULT NULL,
  `album_id` int(11) DEFAULT NULL,
  `kind` varchar(255) COLLATE utf8_unicode_ci DEFAULT NULL,
  `title` varchar(255) COLLATE utf8_unicode_ci DEFAULT NULL,
  `description` text COLLATE utf8_unicode_ci,
  `available` tinyint(4) DEFAULT NULL,
  PRIMARY KEY (`id`)
) ENGINE=MyISAM AUTO_INCREMENT=388 DEFAULT CHARSET=utf8 COLLATE=utf8_unicode_ci;

-- ----------------------------
-- Table structure for news
-- ----------------------------
CREATE TABLE `news` (
  `id` int(11) NOT NULL AUTO_INCREMENT,
  `img` varchar(255) COLLATE utf8_unicode_ci DEFAULT NULL,
  `catid` int(11) DEFAULT NULL,
  `posted` bigint(20) DEFAULT NULL,
  `title` varchar(255) COLLATE utf8_unicode_ci DEFAULT NULL,
  `description` varchar(255) COLLATE utf8_unicode_ci DEFAULT NULL,
  `content` text COLLATE utf8_unicode_ci,
  `available` int(11) DEFAULT NULL,
  `user_post` int(11) DEFAULT NULL,
  `total_views` int(11) DEFAULT NULL,
  PRIMARY KEY (`id`)
) ENGINE=MyISAM AUTO_INCREMENT=165 DEFAULT CHARSET=utf8 COLLATE=utf8_unicode_ci;

-- ----------------------------
-- Table structure for news_lang
-- ----------------------------
CREATE TABLE `news_lang` (
  `news_id` int(11) NOT NULL,
  `lang_id` int(11) NOT NULL,
  `title` varchar(255) COLLATE utf8_unicode_ci DEFAULT NULL,
  `content` text COLLATE utf8_unicode_ci,
  `meta_title` varchar(255) COLLATE utf8_unicode_ci DEFAULT NULL,
  `meta_description` varchar(255) COLLATE utf8_unicode_ci DEFAULT NULL,
  `description` varchar(255) COLLATE utf8_unicode_ci DEFAULT NULL,
  PRIMARY KEY (`news_id`,`lang_id`)
) ENGINE=MyISAM DEFAULT CHARSET=utf8 COLLATE=utf8_unicode_ci;

-- ----------------------------
-- Table structure for page
-- ----------------------------
CREATE TABLE `page` (
  `id` int(11) NOT NULL AUTO_INCREMENT,
  `page` varchar(255) CHARACTER SET latin1 DEFAULT NULL,
  `meta_title` varchar(255) CHARACTER SET latin1 DEFAULT NULL,
  `meta_description` text CHARACTER SET latin1,
  PRIMARY KEY (`id`)
) ENGINE=MyISAM AUTO_INCREMENT=7 DEFAULT CHARSET=utf8 COLLATE=utf8_unicode_ci;

-- ----------------------------
-- Table structure for tbl_contact
-- ----------------------------
CREATE TABLE `tbl_contact` (
  `id` int(11) unsigned NOT NULL AUTO_INCREMENT,
  `first_name` varchar(45) DEFAULT NULL,
  `last_name` varchar(45) DEFAULT NULL,
  `email` varchar(45) DEFAULT NULL,
  `telephone` varchar(45) DEFAULT NULL,
  `content` varchar(255) DEFAULT NULL,
  `posted_time` bigint(20) DEFAULT NULL,
  PRIMARY KEY (`id`)
) ENGINE=MyISAM AUTO_INCREMENT=10 DEFAULT CHARSET=ucs2;

-- ----------------------------
-- Table structure for users
-- ----------------------------
CREATE TABLE `users` (
  `id` smallint(5) unsigned NOT NULL AUTO_INCREMENT,
  `username` varchar(20) COLLATE utf8_unicode_ci DEFAULT NULL,
  `password` varchar(100) COLLATE utf8_unicode_ci NOT NULL DEFAULT '',
  `email` varchar(40) COLLATE utf8_unicode_ci NOT NULL DEFAULT '',
  `group_id` int(11) DEFAULT NULL,
  `ip_address` varchar(16) COLLATE utf8_unicode_ci DEFAULT NULL,
  `active` int(1) DEFAULT NULL,
  `created_on` bigint(20) NOT NULL,
  `last_login` bigint(20) NOT NULL,
  PRIMARY KEY (`id`),
  KEY `email` (`email`)
) ENGINE=InnoDB AUTO_INCREMENT=3 DEFAULT CHARSET=utf8 COLLATE=utf8_unicode_ci COMMENT='Registered User Information';

-- ----------------------------
-- Table structure for users_groups
-- ----------------------------
CREATE TABLE `users_groups` (
  `id` int(11) NOT NULL AUTO_INCREMENT,
  `name` varchar(100) COLLATE utf8_unicode_ci NOT NULL,
  `description` varchar(250) COLLATE utf8_unicode_ci DEFAULT NULL,
  PRIMARY KEY (`id`)
) ENGINE=InnoDB AUTO_INCREMENT=4 DEFAULT CHARSET=utf8 COLLATE=utf8_unicode_ci COMMENT='Permission roles such as admins, moderators, staff, etc';

-- ----------------------------
-- Table structure for users_profiles
-- ----------------------------
CREATE TABLE `users_profiles` (
  `id` int(9) NOT NULL AUTO_INCREMENT,
  `user_id` int(11) unsigned NOT NULL,
  `display_name` varchar(50) COLLATE utf8_unicode_ci NOT NULL,
  `first_name` varchar(50) COLLATE utf8_unicode_ci NOT NULL,
  `last_name` varchar(50) COLLATE utf8_unicode_ci NOT NULL,
  `company` varchar(100) COLLATE utf8_unicode_ci DEFAULT NULL,
  `dob` int(11) DEFAULT NULL,
  `gender` set('m','f','') COLLATE utf8_unicode_ci DEFAULT NULL,
  `phone` varchar(20) COLLATE utf8_unicode_ci DEFAULT NULL,
  `mobile` varchar(20) COLLATE utf8_unicode_ci DEFAULT NULL,
  `address` varchar(255) COLLATE utf8_unicode_ci DEFAULT NULL,
  `gravatar` varchar(100) COLLATE utf8_unicode_ci DEFAULT NULL,
  PRIMARY KEY (`id`)
) ENGINE=MyISAM AUTO_INCREMENT=32 DEFAULT CHARSET=utf8 COLLATE=utf8_unicode_ci;

-- ----------------------------
-- Records 
-- ----------------------------
INSERT INTO `albums` VALUES ('35', 'JAPAN EXPO 2008   01', '<p>JAPAN EXPO 2008&nbsp;&nbsp; 01</p>', 'image');
INSERT INTO `albums` VALUES ('34', 'FESTIVAL DEAUVILLE-ASIE 2008', '<p><a class=\"gallerySelectorBtn\" title=\"Autres albums\">FESTIVAL DEAUVILLE-ASIE 2008</a></p>', 'image');
INSERT INTO `albums` VALUES ('33', 'B-In the show', '<p>Bollywood in the show</p>', 'image');
INSERT INTO `albums` VALUES ('52', 'Bollywood-in', '<p>Bollywood-in</p>', 'video');
INSERT INTO `albums` VALUES ('36', 'MADE IN ASIA 2009 ', '<p><a class=\"gallerySelectorBtn\" title=\"Autres albums\">MADE IN ASIA 2009 </a></p>', 'image');
INSERT INTO `albums` VALUES ('37', 'RANG-NAGAR 08', '<p><a class=\"gallerySelectorBtn\" title=\"Autres albums\">RANG-NAGAR 08</a></p>', 'image');
INSERT INTO `albums` VALUES ('38', 'SEMAINE ASIATIQUE 2007', '<p><a class=\"gallerySelectorBtn\" title=\"Autres albums\">SEMAINE ASIATIQUE 2007</a></p>', 'image');
INSERT INTO `albums` VALUES ('40', 'SEMAINE ASIATIQUE 2008  A', '<p>&nbsp;</p>\r\n<p>SEMAINE ASIATIQUE 2008 A</p>', 'image');
INSERT INTO `albums` VALUES ('41', 'SEMAINE ASIATIQUE 2010', '<p><a class=\"gallerySelectorBtn\" title=\"Autres albums\">SEMAINE ASIATIQUE 2010</a></p>', 'image');
INSERT INTO `albums` VALUES ('42', 'SEMAINE ASIATIQUE 2011 ', '<p><a class=\"gallerySelectorBtn\" title=\"Autres albums\">SEMAINE ASIATIQUE 2011                </a></p>', 'image');
INSERT INTO `albums` VALUES ('44', 'Bindi', '<p>Bindi</p>', 'image');
INSERT INTO `albums` VALUES ('45', 'CHURRIAN - Indian Bangles', '<p><a class=\"gallerySelectorBtn\" title=\"Autres categories\">CHURRIAN - Indian Bangles</a></p>', 'image');
INSERT INTO `albums` VALUES ('46', 'JHUMKE - Earrings', '<p><a class=\"gallerySelectorBtn\" title=\"Autres categories\">JHUMKE - Earrings</a></p>', 'image');
INSERT INTO `albums` VALUES ('47', 'PANJA - Hand Jewel', '<p><a class=\"gallerySelectorBtn\" title=\"Autres categories\">PANJA - Hand Jewel</a></p>', 'image');
INSERT INTO `albums` VALUES ('51', 'PAYAL - Anklet', '<p><a class=\"gallerySelectorBtn\" title=\"Autres categories\">PAYAL - Anklet</a></p>', 'image');
INSERT INTO `albums` VALUES ('50', 'PARURES BOLLYWOOD - SET', '<p><a class=\"gallerySelectorBtn\" title=\"Autres categories\">PARURES BOLLYWOOD - SET</a></p>', 'image');
INSERT INTO `captcha` VALUES ('687', '1311395403', '0.0.0.0', 'LT9IWJ');
INSERT INTO `cat_club` VALUES ('8', 'Danse', 'Danse', 'Danse');
INSERT INTO `cat_club` VALUES ('9', 'Cuisine', 'Cuisine', 'Cuisine');
INSERT INTO `cat_club` VALUES ('7', 'Présentation', 'Présentation', 'Présentation');
INSERT INTO `cat_club` VALUES ('10', 'Langue', 'Langue', 'Langue');
INSERT INTO `cat_news` VALUES ('87', 'EVENEMENTS!', 'EVENEMENTS!', 'EVENEMENTS!', null, null, '5');
INSERT INTO `cat_news` VALUES ('86', 'Decouverte', 'Decouverte', 'Decouverte', null, null, '10');
INSERT INTO `cat_news` VALUES ('95', 'MEMORY OF GESHTA', 'memoy', 'geisah', ' Last Season it was minimalism that offered a fresh elegant style solution for the modern woman, but for S/S’11 all fashion eyes are on the Orient.', null, '20');
INSERT INTO `cat_news` VALUES ('96', 'test 1', 'test 1 1', 'test 12', 'cat test 1', null, '6');
INSERT INTO `cat_news` VALUES ('97', 'test2', 'test', 'test', 'test2222', null, '7');
INSERT INTO `cat_news` VALUES ('98', 'das', 'asd', 'asd', 'ádasd', null, '8');
INSERT INTO `cat_news` VALUES ('99', 'dsad', 'asd', 'asd', 'asdad', 'b9770f99e80dd4ec8ef48d897dd5d633.jpg', '9');
INSERT INTO `cat_news` VALUES ('100', 'asdad', 'asd', 'asd', 'asdsda', null, '11');
INSERT INTO `club` VALUES ('20', 'L\'ASSOCIATION', '<p><strong>BOLLYWOOD IN</strong> est             une association, form&eacute;e par des gens passionn&eacute;s avec pour objectif, la promotion             de la culture de l\'INDE.</p>\r\n<p>Cet immense pays est une source d\'&eacute;merveillement perp&eacute;tuel             par la richesse de ces traditions ancestrales et son modernisme grandissant.</p>\r\n<p>Le cin&eacute;ma indien commun&eacute;ment appel&eacute; &laquo;&nbsp;BOLLYWOOD&nbsp;&raquo;             est la 1<sup>&egrave;re</sup> industrie cin&eacute;matographique du monde et une formidable             vitrine de la culture indienne ainsi que source d\'inspiration de notre association.</p>\r\n<p>Le concept unique de BOLLYWOOD IN d&eacute;ploie tout un panel             d\'activit&eacute;s pour satisfaire les curieux et les passionn&eacute;s de l\'INDE&nbsp;:</p>\r\n<ol>\r\n    <li><strong>Cours et stages de danse Indienne type &laquo;&nbsp;Bollywood&nbsp;&raquo;</strong></li>\r\n    <li><strong>Stages de cuisine Indienne</strong></li>\r\n    <li><strong>Cours de hindi et urdu</strong></li>\r\n    <li><strong>Animations pour toute sorte d\'&eacute;v&egrave;nements</strong></li>\r\n    <li><strong>Spectacles</strong></li>\r\n    <li><strong>Voyages organis&eacute;s</strong></li>\r\n</ol>\r\n<p style=\"text-align: center;\"><img width=\"295\" height=\"476\" alt=\"\" src=\"/uploadFCK/image002(1).jpg\" /></p>', 'a033482ea4e7703bb5002b5aa7260f23.jpg', '7');
INSERT INTO `club` VALUES ('17', 'COURS DE DANSE BOLLYWOOD', '<p>Nos cours de danse Bollywood sont Uniques sur toute la 		  r&eacute;gion&nbsp;!</p>\r\n<p>Dispens&eacute;s par une chor&eacute;graphe professionnelle, qui dirige 		  des troupes bollywood depuis plus de 10 ans&nbsp;!</p>\r\n<p>Venez vous initiez &agrave; la danse fun et &eacute;pic&eacute;e des films 		  bollywood&nbsp;; m&eacute;lange de modernisme et de traditionnel, rythm&eacute; et virevoltante, 		  la danse bollywood s\'impose aujourd\'hui comme une signature de la soci&eacute;t&eacute; 		  indienne. Port&eacute;e par le cin&eacute;ma le plus diffus&eacute; au monde, la danse bollywood 		  est pleine de charmes et ne connait aucune limite de fronti&egrave;res ou de langues 		  d\'o&ugrave; sa popularit&eacute; grandissante.</p>\r\n<p>&nbsp;</p>\r\n<p style=\"text-align: center;\"><img width=\"450\" height=\"300\" src=\"/uploadFCK/image003.jpg\" alt=\"\" /></p>', 'd4fd8af8f19ad94ca27a99f1c5f0b7d4.jpg', '8');
INSERT INTO `club` VALUES ('18', 'COURS DE LANGUES HINDI / URDU', '<p>BOLLYWOOD-IN met &agrave; votre disposition des personnes qualifi&eacute;es, natives  de l&rsquo;Inde et de langue maternelle hindi / urdu qui dispensent des cours  de langues de niveaux d&eacute;butant &agrave; confirm&eacute;.<br />\r\nBas&eacute;e sur une m&eacute;thode unique d&eacute;velopp&eacute;e par nos p&eacute;dagogues et concentr&eacute;  sur l&rsquo;apprentissage oral, nos cours sont destin&eacute;s &agrave; permettre une  acquisition simple et rapide de la langue.<br />\r\nQue vous soyez fan de films bollywood, d&eacute;sireux de comprendre la VO ou  passionn&eacute; de l&rsquo;Inde, avide de voyages au c&oelig;ur du peuple indiens, nos  cours de langues sauront r&eacute;pondre &agrave; toutes vos attentes et besoins  particuliers.</p>\r\n<p>&nbsp;</p>\r\n<p style=\"text-align: center;\"><img width=\"364\" height=\"486\" src=\"/uploadFCK/cours-de-langue-hindi-urdu_clip_image002.jpg\" alt=\"\" /></p>', 'dc2e477980b26a9b5a79764b65ebc68c.jpg', '10');
INSERT INTO `club` VALUES ('19', 'STAGES DE CUISINE INDIENNE', '<p>La cuisine raffin&eacute;e et pr&eacute;cieuse des Maharadjas vous est 		  d&eacute;voil&eacute;e lors de ces stages d\'une dur&eacute;e d\'un mois chacun.</p>\r\n<p>Un chef cuisinier indien, diplom&eacute;, b&eacute;n&eacute;ficiant de plus 		  16 ann&eacute;es d\'exp&eacute;riences en restauration professionnelle, met tout son savoir 		  au profit de Bollywood-in pour offrir des cours de cuisine indienne uniques, 		  accessibles au plus novices&nbsp;!</p>\r\n<p>Des astuces de pro, des recettes simplifi&eacute;es mais toujours 		  la &laquo;&nbsp;grande cuisine de l\'Inde&nbsp;&raquo; initi&eacute;e en toute convivialit&eacute; par 		  petits groupes. Entr&eacute;e, plats, accompagnements et dessert, un menu complet 		  au programme de chaque stage&nbsp;!</p>\r\n<p style=\"text-align: center;\"><img width=\"300\" height=\"300\" src=\"/uploadFCK/image005.jpg\" alt=\"\" /></p>', '88a306f19e30b111217c086d95ece7cb.jpg', '9');
INSERT INTO `contact` VALUES ('contact@bollywood-in.fr,\r\ntxt0001@gmail.com\r\n\r\n', '1');
INSERT INTO `contact` VALUES ('google analitics z', '2');
INSERT INTO `content` VALUES ('29', 'Le sport est le plus grand facilitateur des relations professionnelles. Il permet l’échange et l’intégration. La pratique de certaines disciplines sportives favorise la négociation de contrats et permet de conclure des affaires.', '1', 'text2');
INSERT INTO `content` VALUES ('30', '<p>La pratique commune d’un sport crée immédiatement une relation de proximité, de complicité, de confiance et de convivialité. L’entente entre sportifs est tacite : c’est un état d’esprit, c’est une attitude.\r\n\r\nNaturellement, qui se ressemble s’assemble.\r\n\r\nNaturellement, dans le domaine professionnel et à compétences égales, on privilégiera un interlocuteur avec lequel on partage les mêmes centres d’intérêt, a fortiori lorsqu’on détient cette information dès le début de la relation.</p>', '1', 'text3');
INSERT INTO `lang` VALUES ('1', 'English (English)', '1', 'en', 'en-us');
INSERT INTO `lang` VALUES ('2', 'Vietnamese', '1', 'vi', 'vi');
INSERT INTO `media` VALUES ('360', '<iframe width=\"425\" height=\"349\" src=\"http://www.youtube.com/embed/lj3mnV5gkYQ\" frameborder=\"0\" allowfullscreen></iframe>', '1311044429', '52', 'video', 'VAARI VAARI', '<p>extrait de repr&eacute;sentation au Festival du Film Asiatique de DEAUVILLE 2008</p>', '0');
INSERT INTO `media` VALUES ('251', '3be7eb385e7c2f46b1d5bded75ba5fff.jpg', '1310983287', '35', 'image', 'JAPAN EXPO 2008', null, null);
INSERT INTO `media` VALUES ('249', 'fe573ca157a9b5c98e7b924b8ae9290e.jpg', '1310983281', '35', 'image', 'JAPAN EXPO 2008', null, null);
INSERT INTO `media` VALUES ('250', '9560bef0c5c11bb30bca5f9d1f638dcf.jpg', '1310983283', '35', 'image', 'JAPAN EXPO 2008', null, null);
INSERT INTO `media` VALUES ('358', '<iframe width=\"425\" height=\"349\" src=\"http://www.youtube.com/embed/zr8I96t94ks\" frameborder=\"0\" allowfullscreen></iframe>', '1311044251', '52', 'video', 'DOLA RE by Bollywood-In', '<p>dola re BEST PERFORMANCE ever seen on the net!<br />\r\nextrait du spectacle  RANG-NAGAR du 26 janvier 08 - le bollywood, le vrai! ici une  interpr&eacute;tation digne des professionnels indiens.</p>', '0');
INSERT INTO `media` VALUES ('246', '03d85b68c970523eb6ea522537c54e34.jpg', '1310983275', '35', 'image', 'JAPAN EXPO 2008', null, null);
INSERT INTO `media` VALUES ('245', '524349ab71d5f27cc2a16cec67defb74.jpg', '1310983274', '35', 'image', 'JAPAN EXPO 2008', null, null);
INSERT INTO `media` VALUES ('243', 'f6cc98122c9b936766b04488829a54aa.jpg', '1310983273', '35', 'image', 'JAPAN EXPO 2008', null, null);
INSERT INTO `media` VALUES ('244', '2269a23b5c9c8bef1bdb20000adb609d.jpg', '1310983273', '35', 'image', 'JAPAN EXPO 2008', null, null);
INSERT INTO `media` VALUES ('248', '98b3556a80620a87cec8f3b42fc5d988.jpg', '1310983278', '35', 'image', 'JAPAN EXPO 2008', null, null);
INSERT INTO `media` VALUES ('247', 'ed2ea4d1e0cb6fb9c371195494dfe2f3.jpg', '1310983276', '35', 'image', 'JAPAN EXPO 2008', null, null);
INSERT INTO `media` VALUES ('240', 'c12e1977902ceee1c4119916be19355e.jpg', '1310982764', '33', 'image', null, null, null);
INSERT INTO `media` VALUES ('241', 'a5d6de656c08fbaf890027c397dce2a8.jpg', '1310982765', '33', 'image', null, null, null);
INSERT INTO `media` VALUES ('242', '945bdabc0ab2d05707da065f28b3247d.jpg', '1310982766', '33', 'image', null, null, null);
INSERT INTO `media` VALUES ('359', '<iframe width=\"425\" height=\"349\" src=\"http://www.youtube.com/embed/b7XgdVnJ00U\" frameborder=\"0\" allowfullscreen></iframe>', '1311044315', '52', 'video', ' CHANNE KE KHET MEIN ', '<p>&lt;p&gt;extrait du spectacle RANG-NAGAR - 01/2008&lt;/p&gt;</p>', '0');
INSERT INTO `media` VALUES ('235', 'd925cd41edd10d54ae58a699509a285e.jpg', '1310982760', '33', 'image', null, null, null);
INSERT INTO `media` VALUES ('236', 'f4d3aaf0e8f4b54b9caefeb50e369f29.jpg', '1310982761', '33', 'image', null, null, null);
INSERT INTO `media` VALUES ('237', 'a74cc54ad4df74946416a14b8a82cbfb.jpg', '1310982762', '33', 'image', null, null, null);
INSERT INTO `media` VALUES ('238', 'ef860237e01b65bb19d9ad4ff2599857.jpg', '1310982763', '33', 'image', null, null, null);
INSERT INTO `media` VALUES ('239', '91507fbe45e8ad81909a47c9f4e68c15.jpg', '1310982763', '33', 'image', null, null, null);
INSERT INTO `media` VALUES ('252', 'f1c0f3e2c7f154a55f0f5b843f27e5d1.jpg', '1310983290', '35', 'image', 'JAPAN EXPO 2008', null, null);
INSERT INTO `media` VALUES ('253', '25ae925d6f7d0979048b884cdd074e89.jpg', '1310983291', '35', 'image', 'JAPAN EXPO 2008', null, null);
INSERT INTO `media` VALUES ('254', '56a3e13ed742593e94d410ee8fdfb3a4.jpg', '1310983609', '36', 'image', 'Made in Asia 2009', '<p>Made in Asia 2009</p>', null);
INSERT INTO `media` VALUES ('255', 'e22dbc91115e5d83d40db2ef6730f015.jpg', '1310983609', '36', 'image', 'Made in Asia 2009', '<p>Made in Asia 2009</p>', null);
INSERT INTO `media` VALUES ('256', '04966594c58de71eca29daa5d6b7ecea.jpg', '1310983615', '36', 'image', 'Made in Asia 2009', '<p>Made in Asia 2009</p>', null);
INSERT INTO `media` VALUES ('257', 'a8515743cd4c313dcd38e13adb2c0747.jpg', '1310983621', '36', 'image', 'Made in Asia 2009', '<p>Made in Asia 2009</p>', null);
INSERT INTO `media` VALUES ('258', 'c380e2ddcb1816e0470cc5650e8c58b6.jpg', '1310983626', '36', 'image', 'Made in Asia 2009', '<p>Made in Asia 2009</p>', null);
INSERT INTO `media` VALUES ('259', '0c104bc8af342274a36ad2cd5558ca64.jpg', '1310983628', '36', 'image', 'Made in Asia 2009', '<p>Made in Asia 2009</p>', null);
INSERT INTO `media` VALUES ('260', '85bfd1a47bde66115ccd00e8f55a7374.jpg', '1310983628', '36', 'image', 'Made in Asia 2009', '<p>Made in Asia 2009</p>', null);
INSERT INTO `media` VALUES ('261', '527ba110fe745b59b54d4f733bf83bf7.jpg', '1310983630', '36', 'image', 'Made in Asia 2009', '<p>Made in Asia 2009</p>', null);
INSERT INTO `media` VALUES ('262', '550def2ca30011f72d2c3d619d837b5a.jpg', '1310983630', '36', 'image', 'Made in Asia 2009', '<p>Made in Asia 2009</p>', null);
INSERT INTO `media` VALUES ('263', '1bea1d83b693fdcdfa7e60229c575cf8.jpg', '1310983632', '36', 'image', 'Made in Asia 2009', '<p>Made in Asia 2009</p>', null);
INSERT INTO `media` VALUES ('264', '836c83923c05417ff0de78a97bc194b3.jpg', '1310983999', '37', 'image', 'Rang-Nagar 08', '<p>Rang-Nagar 08</p>', null);
INSERT INTO `media` VALUES ('265', '187ffda8f6a8869f7ea0035e147a32be.jpg', '1310984000', '37', 'image', 'Rang-Nagar 08', '<p>Rang-Nagar 08</p>', null);
INSERT INTO `media` VALUES ('266', '2471775b675e2bd1b8b00e78b68e453f.jpg', '1310984001', '37', 'image', 'Rang-Nagar 08', '<p>Rang-Nagar 08</p>', null);
INSERT INTO `media` VALUES ('267', 'a5d204815b558c04a8fcadf9824cf048.jpg', '1310984002', '37', 'image', 'Rang-Nagar 08', '<p>Rang-Nagar 08</p>', null);
INSERT INTO `media` VALUES ('268', '3db2a65948aa128e32594eb86342711e.jpg', '1310984003', '37', 'image', 'Rang-Nagar 08', '<p>Rang-Nagar 08</p>', null);
INSERT INTO `media` VALUES ('269', 'e1e311308daa83346eb7cf21034dadc8.jpg', '1310984003', '37', 'image', 'Rang-Nagar 08', '<p>Rang-Nagar 08</p>', null);
INSERT INTO `media` VALUES ('270', '7cc05853aeff633d4ae6dc5d6c5e5024.jpg', '1310984134', '38', 'image', 'SEMAINE ASIATIQUE 2007', '<p><a class=\"gallerySelectorBtn\" title=\"Autres albums\">SEMAINE ASIATIQUE 2007</a></p>', null);
INSERT INTO `media` VALUES ('271', '875f670e80402d5fc719541709ca91e1.jpg', '1310984135', '38', 'image', 'SEMAINE ASIATIQUE 2007', '<p><a class=\"gallerySelectorBtn\" title=\"Autres albums\">SEMAINE ASIATIQUE 2007</a></p>', null);
INSERT INTO `media` VALUES ('272', '52262f53761c2694f791b0f78d6fb3b2.jpg', '1310984136', '38', 'image', 'SEMAINE ASIATIQUE 2007', '<p><a class=\"gallerySelectorBtn\" title=\"Autres albums\">SEMAINE ASIATIQUE 2007</a></p>', null);
INSERT INTO `media` VALUES ('273', '37594bf185561f98042af08b250dfe45.jpg', '1310984136', '38', 'image', 'SEMAINE ASIATIQUE 2007', '<p><a class=\"gallerySelectorBtn\" title=\"Autres albums\">SEMAINE ASIATIQUE 2007</a></p>', null);
INSERT INTO `media` VALUES ('274', '6ef41671e332ea260962226e766bfcd1.jpg', '1310984137', '38', 'image', 'SEMAINE ASIATIQUE 2007', '<p><a class=\"gallerySelectorBtn\" title=\"Autres albums\">SEMAINE ASIATIQUE 2007</a></p>', null);
INSERT INTO `media` VALUES ('275', '88c8f40744a12d81d135adf1e3b8fe19.jpg', '1310984138', '38', 'image', 'SEMAINE ASIATIQUE 2007', '<p><a class=\"gallerySelectorBtn\" title=\"Autres albums\">SEMAINE ASIATIQUE 2007</a></p>', null);
INSERT INTO `media` VALUES ('305', '7a420a9f8bc8163d841735b29e96e84f.jpg', '1310984700', '41', 'image', 'SEMAINE ASIATIQUE 2010', '<p><a class=\"gallerySelectorBtn\" title=\"Autres albums\">SEMAINE ASIATIQUE 2010</a></p>', null);
INSERT INTO `media` VALUES ('306', '6190241b8587e6bce32ded74a177fe31.jpg', '1310984700', '41', 'image', 'SEMAINE ASIATIQUE 2010', '<p><a class=\"gallerySelectorBtn\" title=\"Autres albums\">SEMAINE ASIATIQUE 2010</a></p>', null);
INSERT INTO `media` VALUES ('307', 'a8f68abbf094613e5a2e9d1f5a5b1f58.jpg', '1310984913', '42', 'image', 'SEMAINE ASIATIQUE 2011 ', '<p><a class=\"gallerySelectorBtn\" title=\"Autres albums\">SEMAINE ASIATIQUE 2011                </a></p>', null);
INSERT INTO `media` VALUES ('303', '0cd6baf41cc2492abadaea48b814727f.jpg', '1310984698', '41', 'image', 'SEMAINE ASIATIQUE 2010', '<p><a class=\"gallerySelectorBtn\" title=\"Autres albums\">SEMAINE ASIATIQUE 2010</a></p>', null);
INSERT INTO `media` VALUES ('304', '694c50bff6d23760722e3af4325aa8fc.jpg', '1310984699', '41', 'image', 'SEMAINE ASIATIQUE 2010', '<p><a class=\"gallerySelectorBtn\" title=\"Autres albums\">SEMAINE ASIATIQUE 2010</a></p>', null);
INSERT INTO `media` VALUES ('300', '54b2ec32f1172faed33c431ef49764fa.jpg', '1310984696', '41', 'image', 'SEMAINE ASIATIQUE 2010', '<p><a class=\"gallerySelectorBtn\" title=\"Autres albums\">SEMAINE ASIATIQUE 2010</a></p>', null);
INSERT INTO `media` VALUES ('301', '5fda369d302a809b0781379d0196a2f9.jpg', '1310984696', '41', 'image', 'SEMAINE ASIATIQUE 2010', '<p><a class=\"gallerySelectorBtn\" title=\"Autres albums\">SEMAINE ASIATIQUE 2010</a></p>', null);
INSERT INTO `media` VALUES ('302', '7a2b114ed4cf9cee34170d6bdf1f6402.jpg', '1310984697', '41', 'image', 'SEMAINE ASIATIQUE 2010', '<p><a class=\"gallerySelectorBtn\" title=\"Autres albums\">SEMAINE ASIATIQUE 2010</a></p>', null);
INSERT INTO `media` VALUES ('297', '3d01a414f6b840d304ba946b56330757.jpg', '1310984694', '41', 'image', 'SEMAINE ASIATIQUE 2010', '<p><a class=\"gallerySelectorBtn\" title=\"Autres albums\">SEMAINE ASIATIQUE 2010</a></p>', null);
INSERT INTO `media` VALUES ('298', '07fab3428d4b2c52d5e7d3532a205a42.jpg', '1310984695', '41', 'image', 'SEMAINE ASIATIQUE 2010', '<p><a class=\"gallerySelectorBtn\" title=\"Autres albums\">SEMAINE ASIATIQUE 2010</a></p>', null);
INSERT INTO `media` VALUES ('299', 'f454d4d4c3637f3ffff5291b562a173f.jpg', '1310984695', '41', 'image', 'SEMAINE ASIATIQUE 2010', '<p><a class=\"gallerySelectorBtn\" title=\"Autres albums\">SEMAINE ASIATIQUE 2010</a></p>', null);
INSERT INTO `media` VALUES ('295', 'a349582580542982033db754133dc799.jpg', '1310984692', '41', 'image', 'SEMAINE ASIATIQUE 2010', '<p><a class=\"gallerySelectorBtn\" title=\"Autres albums\">SEMAINE ASIATIQUE 2010</a></p>', null);
INSERT INTO `media` VALUES ('296', '1272d6b3c1680f25a7194dc38e35da6a.jpg', '1310984693', '41', 'image', 'SEMAINE ASIATIQUE 2010', '<p><a class=\"gallerySelectorBtn\" title=\"Autres albums\">SEMAINE ASIATIQUE 2010</a></p>', null);
INSERT INTO `media` VALUES ('292', '9b8d166daccdad4c7357724c68724f5e.jpg', '1310984689', '41', 'image', 'SEMAINE ASIATIQUE 2010', '<p><a class=\"gallerySelectorBtn\" title=\"Autres albums\">SEMAINE ASIATIQUE 2010</a></p>', null);
INSERT INTO `media` VALUES ('293', '6a6123e968b6fc4bd9c1d4835783b0d9.jpg', '1310984690', '41', 'image', 'SEMAINE ASIATIQUE 2010', '<p><a class=\"gallerySelectorBtn\" title=\"Autres albums\">SEMAINE ASIATIQUE 2010</a></p>', null);
INSERT INTO `media` VALUES ('294', '311f5e3804f76a57a9530a020c5f7bfc.jpg', '1310984691', '41', 'image', 'SEMAINE ASIATIQUE 2010', '<p><a class=\"gallerySelectorBtn\" title=\"Autres albums\">SEMAINE ASIATIQUE 2010</a></p>', null);
INSERT INTO `media` VALUES ('288', 'fd42132c7a220540b689c2405fd35133.jpg', '1310984448', '40', 'image', 'SEMAINE ASIATIQUE 2008 A', '<p>SEMAINE ASIATIQUE 2008 A</p>', null);
INSERT INTO `media` VALUES ('289', '100d7edff869f2fbf9f51bb7cdd03839.jpg', '1310984449', '40', 'image', 'SEMAINE ASIATIQUE 2008 A', '<p>SEMAINE ASIATIQUE 2008 A</p>', null);
INSERT INTO `media` VALUES ('290', '90f36755d7424419b3e7ebfd5c631a8e.jpg', '1310984449', '40', 'image', 'SEMAINE ASIATIQUE 2008 A', '<p>SEMAINE ASIATIQUE 2008 A</p>', null);
INSERT INTO `media` VALUES ('291', '2f07f55ff0b58e92163302e6da810a82.jpg', '1310984450', '40', 'image', 'SEMAINE ASIATIQUE 2008 A', '<p>SEMAINE ASIATIQUE 2008 A</p>', null);
INSERT INTO `media` VALUES ('284', 'a1c6aa7bb907d1c4cf5f1f04514a92e7.jpg', '1310984445', '40', 'image', 'SEMAINE ASIATIQUE 2008 A', '<p>SEMAINE ASIATIQUE 2008 A</p>', null);
INSERT INTO `media` VALUES ('285', '77d7f78f1421fcdb66726662c11d2d9f.jpg', '1310984445', '40', 'image', 'SEMAINE ASIATIQUE 2008 A', '<p>SEMAINE ASIATIQUE 2008 A</p>', null);
INSERT INTO `media` VALUES ('286', 'a3e8660977bc6dce8749d35405008d4e.jpg', '1310984446', '40', 'image', 'SEMAINE ASIATIQUE 2008 A', '<p>SEMAINE ASIATIQUE 2008 A</p>', null);
INSERT INTO `media` VALUES ('287', 'c4511d59c9c72fdedf284b6e7133a300.jpg', '1310984447', '40', 'image', 'SEMAINE ASIATIQUE 2008 A', '<p>SEMAINE ASIATIQUE 2008 A</p>', null);
INSERT INTO `media` VALUES ('308', '5d481f95fc8c24fe7d03ea6fb1e0ecc1.jpg', '1310984914', '42', 'image', 'SEMAINE ASIATIQUE 2011 ', '<p><a class=\"gallerySelectorBtn\" title=\"Autres albums\">SEMAINE ASIATIQUE 2011                </a></p>', null);
INSERT INTO `media` VALUES ('309', '0f8832e7108c880865bb4d9c32e31f0c.jpg', '1310984915', '42', 'image', 'SEMAINE ASIATIQUE 2011 ', '<p><a class=\"gallerySelectorBtn\" title=\"Autres albums\">SEMAINE ASIATIQUE 2011                </a></p>', null);
INSERT INTO `media` VALUES ('310', '45c65cd09b1fba53fe94350a654b2d17.jpg', '1310984916', '42', 'image', 'SEMAINE ASIATIQUE 2011 ', '<p><a class=\"gallerySelectorBtn\" title=\"Autres albums\">SEMAINE ASIATIQUE 2011                </a></p>', null);
INSERT INTO `media` VALUES ('311', 'cf0b4262b74802bd304698aa036236ce.jpg', '1310984917', '42', 'image', 'SEMAINE ASIATIQUE 2011 ', '<p><a class=\"gallerySelectorBtn\" title=\"Autres albums\">SEMAINE ASIATIQUE 2011                </a></p>', null);
INSERT INTO `media` VALUES ('312', '8b13386b3133a36c8290811c56332a40.jpg', '1310984918', '42', 'image', 'SEMAINE ASIATIQUE 2011 ', '<p><a class=\"gallerySelectorBtn\" title=\"Autres albums\">SEMAINE ASIATIQUE 2011                </a></p>', null);
INSERT INTO `media` VALUES ('313', 'fd7154ce401c8c3c8a439b318ccbb138.jpg', '1310984918', '42', 'image', 'SEMAINE ASIATIQUE 2011 ', '<p><a class=\"gallerySelectorBtn\" title=\"Autres albums\">SEMAINE ASIATIQUE 2011                </a></p>', null);
INSERT INTO `media` VALUES ('314', 'e65e706ddb6bdb9356fd28483cc0ef2f.jpg', '1310984919', '42', 'image', 'SEMAINE ASIATIQUE 2011 ', '<p><a class=\"gallerySelectorBtn\" title=\"Autres albums\">SEMAINE ASIATIQUE 2011                </a></p>', null);
INSERT INTO `media` VALUES ('315', '0ef70a517d6f59f5973d1a8b7e4f4086.jpg', '1310984920', '42', 'image', 'SEMAINE ASIATIQUE 2011 ', '<p><a class=\"gallerySelectorBtn\" title=\"Autres albums\">SEMAINE ASIATIQUE 2011                </a></p>', null);
INSERT INTO `media` VALUES ('316', 'f7e6fdad9544bada981b2eed9b96a184.jpg', '1310984921', '42', 'image', 'SEMAINE ASIATIQUE 2011 ', '<p><a class=\"gallerySelectorBtn\" title=\"Autres albums\">SEMAINE ASIATIQUE 2011                </a></p>', null);
INSERT INTO `media` VALUES ('317', '036783dbb541a9ced9871a89033f42b6.jpg', '1310984922', '42', 'image', 'SEMAINE ASIATIQUE 2011 ', '<p><a class=\"gallerySelectorBtn\" title=\"Autres albums\">SEMAINE ASIATIQUE 2011                </a></p>', null);
INSERT INTO `media` VALUES ('318', 'c2d7272454d7a8d66bebf584864fb58c.jpg', '1310984923', '42', 'image', 'SEMAINE ASIATIQUE 2011 ', '<p><a class=\"gallerySelectorBtn\" title=\"Autres albums\">SEMAINE ASIATIQUE 2011                </a></p>', null);
INSERT INTO `media` VALUES ('319', '863ed1bb0f5bc25dacbe89cadbed52f7.jpg', '1310984924', '42', 'image', 'SEMAINE ASIATIQUE 2011 ', '<p><a class=\"gallerySelectorBtn\" title=\"Autres albums\">SEMAINE ASIATIQUE 2011                </a></p>', null);
INSERT INTO `media` VALUES ('320', 'eccac1ed22d0b2bf6657e08a7871d863.jpg', '1310984925', '42', 'image', 'SEMAINE ASIATIQUE 2011 ', '<p><a class=\"gallerySelectorBtn\" title=\"Autres albums\">SEMAINE ASIATIQUE 2011                </a></p>', null);
INSERT INTO `media` VALUES ('321', '334c1d19ae263e7932390902e55be024.jpg', '1310984926', '42', 'image', 'SEMAINE ASIATIQUE 2011 ', '<p><a class=\"gallerySelectorBtn\" title=\"Autres albums\">SEMAINE ASIATIQUE 2011                </a></p>', null);
INSERT INTO `media` VALUES ('322', '336aa068832234bd1bd258e336327cbe.jpg', '1311042926', '44', 'image', 'Bindi', null, null);
INSERT INTO `media` VALUES ('323', '2c03ddb8bd353bfd21143faf41e49efb.jpg', '1311042930', '44', 'image', 'Bindi', null, null);
INSERT INTO `media` VALUES ('324', 'd64dd8bc22d694a4f3900712e69be260.jpg', '1311042932', '44', 'image', 'Bindi', null, null);
INSERT INTO `media` VALUES ('325', '27d36e115cc1146dc24a8ac5cb191329.jpg', '1311042933', '44', 'image', 'Bindi', null, null);
INSERT INTO `media` VALUES ('326', 'b379940b2bddb6098dabc46aafceb5f3.jpg', '1311042934', '44', 'image', 'Bindi', null, null);
INSERT INTO `media` VALUES ('327', 'dd50bb596026e33021b318027632e256.jpg', '1311042936', '44', 'image', 'Bindi', null, null);
INSERT INTO `media` VALUES ('328', '188ae64633e2a0d020ed66733f5458a4.jpg', '1311043127', '45', 'image', 'CHURRIAN - Indian Bangles', '<p><a class=\"gallerySelectorBtn\" title=\"Autres categories\">CHURRIAN - Indian Bangles</a></p>', null);
INSERT INTO `media` VALUES ('329', '2ed5773fb92b69b6fb495ce0863c4377.jpg', '1311043127', '45', 'image', 'CHURRIAN - Indian Bangles', '<p><a class=\"gallerySelectorBtn\" title=\"Autres categories\">CHURRIAN - Indian Bangles</a></p>', null);
INSERT INTO `media` VALUES ('330', '6d4b50d401b57bb007a30a6e1bef0631.jpg', '1311043127', '45', 'image', 'CHURRIAN - Indian Bangles', '<p><a class=\"gallerySelectorBtn\" title=\"Autres categories\">CHURRIAN - Indian Bangles</a></p>', null);
INSERT INTO `media` VALUES ('331', '82c46cdc63699988e1b5aeb2adc67060.jpg', '1311043128', '45', 'image', 'CHURRIAN - Indian Bangles', '<p><a class=\"gallerySelectorBtn\" title=\"Autres categories\">CHURRIAN - Indian Bangles</a></p>', null);
INSERT INTO `media` VALUES ('332', '7769ec290afb3bd28eeb0f41a6ff4383.jpg', '1311043128', '45', 'image', 'CHURRIAN - Indian Bangles', '<p><a class=\"gallerySelectorBtn\" title=\"Autres categories\">CHURRIAN - Indian Bangles</a></p>', null);
INSERT INTO `media` VALUES ('333', 'ca29578ac8dc7ba395e1b43ff39dac79.jpg', '1311043270', '46', 'image', 'JHUMKE - Earrings', '<p><a class=\"gallerySelectorBtn\" title=\"Autres categories\">JHUMKE - Earrings</a></p>', null);
INSERT INTO `media` VALUES ('334', '9031a02caf0007a7306ffe9e0e335b8f.jpg', '1311043270', '46', 'image', 'JHUMKE - Earrings', '<p><a class=\"gallerySelectorBtn\" title=\"Autres categories\">JHUMKE - Earrings</a></p>', null);
INSERT INTO `media` VALUES ('335', '9a5be9a3f3aa4a9461706b8481c4cdf3.jpg', '1311043271', '46', 'image', 'JHUMKE - Earrings', '<p><a class=\"gallerySelectorBtn\" title=\"Autres categories\">JHUMKE - Earrings</a></p>', null);
INSERT INTO `media` VALUES ('336', '45fe3e76d54495d7bfba447d110e4889.jpg', '1311043271', '46', 'image', 'JHUMKE - Earrings', '<p><a class=\"gallerySelectorBtn\" title=\"Autres categories\">JHUMKE - Earrings</a></p>', null);
INSERT INTO `media` VALUES ('337', '78784e64c9af98b508c8a89809a60fd5.jpg', '1311043271', '46', 'image', 'JHUMKE - Earrings', '<p><a class=\"gallerySelectorBtn\" title=\"Autres categories\">JHUMKE - Earrings</a></p>', null);
INSERT INTO `media` VALUES ('338', 'cbb7c20a10d0f5ce51bcb8e77f7341e3.jpg', '1311043272', '46', 'image', 'JHUMKE - Earrings', '<p><a class=\"gallerySelectorBtn\" title=\"Autres categories\">JHUMKE - Earrings</a></p>', null);
INSERT INTO `media` VALUES ('339', '7a670dda92752bf8461b5378b94cc046.jpg', '1311043272', '46', 'image', 'JHUMKE - Earrings', '<p><a class=\"gallerySelectorBtn\" title=\"Autres categories\">JHUMKE - Earrings</a></p>', null);
INSERT INTO `media` VALUES ('340', 'd8a1d6b3cf8c707dcb29eb5d7363872f.jpg', '1311043272', '46', 'image', 'JHUMKE - Earrings', '<p><a class=\"gallerySelectorBtn\" title=\"Autres categories\">JHUMKE - Earrings</a></p>', null);
INSERT INTO `media` VALUES ('341', 'a4e545e9d899bd5c9934230e3f39ef2c.jpg', '1311043441', '47', 'image', 'PANJA - Hand Jewel', '<p><a class=\"gallerySelectorBtn\" title=\"Autres categories\">PANJA - Hand Jewel</a></p>', null);
INSERT INTO `media` VALUES ('342', 'bb989e13f511224944bfcdf8fa998704.jpg', '1311043441', '47', 'image', 'PANJA - Hand Jewel', '<p><a class=\"gallerySelectorBtn\" title=\"Autres categories\">PANJA - Hand Jewel</a></p>', null);
INSERT INTO `media` VALUES ('343', '0846dc7c7fc70e3a65e354c162b676cf.jpg', '1311043441', '47', 'image', 'PANJA - Hand Jewel', '<p><a class=\"gallerySelectorBtn\" title=\"Autres categories\">PANJA - Hand Jewel</a></p>', null);
INSERT INTO `media` VALUES ('344', '195473d1117da77bbc400045e20eb33c.jpg', '1311043442', '47', 'image', 'PANJA - Hand Jewel', '<p><a class=\"gallerySelectorBtn\" title=\"Autres categories\">PANJA - Hand Jewel</a></p>', null);
INSERT INTO `media` VALUES ('345', '3e1d24e07d0f8eb022281694a6faeb00.jpg', '1311043442', '47', 'image', 'PANJA - Hand Jewel', '<p><a class=\"gallerySelectorBtn\" title=\"Autres categories\">PANJA - Hand Jewel</a></p>', null);
INSERT INTO `media` VALUES ('346', '361e3047ffedba35091575a935d21858.jpg', '1311043442', '47', 'image', 'PANJA - Hand Jewel', '<p><a class=\"gallerySelectorBtn\" title=\"Autres categories\">PANJA - Hand Jewel</a></p>', null);
INSERT INTO `media` VALUES ('347', 'a0ef85019954022a76786a2698c36f28.jpg', '1311043843', '50', 'image', 'PARURES BOLLYWOOD - SET', '<p><a class=\"gallerySelectorBtn\" title=\"Autres categories\">PARURES BOLLYWOOD - SET</a></p>', null);
INSERT INTO `media` VALUES ('348', 'ab5e72d3570effc8f1d595896b4e679e.jpg', '1311043844', '50', 'image', 'PARURES BOLLYWOOD - SET', '<p><a class=\"gallerySelectorBtn\" title=\"Autres categories\">PARURES BOLLYWOOD - SET</a></p>', null);
INSERT INTO `media` VALUES ('349', '467a813b01fb0697b2a045e58b96cb27.jpg', '1311043845', '50', 'image', 'PARURES BOLLYWOOD - SET', '<p><a class=\"gallerySelectorBtn\" title=\"Autres categories\">PARURES BOLLYWOOD - SET</a></p>', null);
INSERT INTO `media` VALUES ('350', '081b2c175b899e489459663358d4e3ae.jpg', '1311043845', '50', 'image', 'PARURES BOLLYWOOD - SET', '<p><a class=\"gallerySelectorBtn\" title=\"Autres categories\">PARURES BOLLYWOOD - SET</a></p>', null);
INSERT INTO `media` VALUES ('351', '002b77aecd1fb1093d5e99323ea37aab.jpg', '1311044018', '51', 'image', 'PAYAL - Anklet', '<p><a class=\"gallerySelectorBtn\" title=\"Autres categories\">PAYAL - Anklet</a></p>', null);
INSERT INTO `media` VALUES ('352', '94322dc25e17f99870c31d6e26be9571.jpg', '1311044019', '51', 'image', 'PAYAL - Anklet', '<p><a class=\"gallerySelectorBtn\" title=\"Autres categories\">PAYAL - Anklet</a></p>', null);
INSERT INTO `media` VALUES ('353', '799c9a0b1786158c3f3f37cf5bdd6774.jpg', '1311044020', '51', 'image', 'PAYAL - Anklet', '<p><a class=\"gallerySelectorBtn\" title=\"Autres categories\">PAYAL - Anklet</a></p>', null);
INSERT INTO `media` VALUES ('354', 'c8fbdd57cfd09fdecdc3fb24ef3c5fc8.jpg', '1311044022', '51', 'image', 'PAYAL - Anklet', '<p><a class=\"gallerySelectorBtn\" title=\"Autres categories\">PAYAL - Anklet</a></p>', null);
INSERT INTO `media` VALUES ('355', '99571797ed92bc86dd65e45daf177fdc.jpg', '1311044022', '51', 'image', 'PAYAL - Anklet', '<p><a class=\"gallerySelectorBtn\" title=\"Autres categories\">PAYAL - Anklet</a></p>', null);
INSERT INTO `media` VALUES ('356', '891e14cf2a43c8d7be04ed8cbc5b9f03.jpg', '1311044022', '51', 'image', 'PAYAL - Anklet', '<p><a class=\"gallerySelectorBtn\" title=\"Autres categories\">PAYAL - Anklet</a></p>', null);
INSERT INTO `media` VALUES ('357', '026f9e6e62fb74aa60c1d96f06dacfc6.jpg', '1311044023', '51', 'image', 'PAYAL - Anklet', '<p><a class=\"gallerySelectorBtn\" title=\"Autres categories\">PAYAL - Anklet</a></p>', null);
INSERT INTO `media` VALUES ('361', '<iframe width=\"425\" height=\"349\" src=\"http://www.youtube.com/embed/x4XKrgw3kxw\" frameborder=\"0\" allowfullscreen></iframe>', '1311044479', '52', 'video', 'CHABEELA (SAAWARIYA)', '<p>La troupe Bollywood-In en repr&eacute;sentation au JAPAN EXPO 2008 - AZIKULT au Parc des Expos de Paris Nord</p>', '0');
INSERT INTO `media` VALUES ('362', '<iframe width=\"425\" height=\"349\" src=\"http://www.youtube.com/embed/oGpggljx3q8\" frameborder=\"0\" allowfullscreen></iframe>', '1311044562', '52', 'video', 'ISHQ KAMINAA (SHAKTI)', '<p>Festival &quot;La Semaine Asiatique&quot; 2008 &agrave; Lyon-Villeurbanne avec la troupe Bollywood-In au meilleur de sa forme!</p>', '0');
INSERT INTO `media` VALUES ('363', '<iframe width=\"425\" height=\"349\" src=\"http://www.youtube.com/embed/_q-kHSj4VwE\" frameborder=\"0\" allowfullscreen></iframe>', '1311044592', '52', 'video', 'AJAA NACHLE', '<p>extrait de repr&eacute;sentation &agrave; la Semaine Asiatique 2008, Ajaa Nachle chor&eacute;graphie retravaill&eacute;e par Bollywood-In</p>', '0');
INSERT INTO `media` VALUES ('364', '<iframe width=\"425\" height=\"349\" src=\"http://www.youtube.com/embed/RghWnpzKzMU\" frameborder=\"0\" allowfullscreen></iframe>', '1311044623', '52', 'video', 'BOLLYWOOD-IN THE SHOW 08', '<p>Spectacle de fin d\'ann&eacute;e en mai 2008 - pr&eacute;sentation des &eacute;l&egrave;ves de 1&egrave;re ann&eacute;e danse bollywood</p>', '0');
INSERT INTO `media` VALUES ('365', '<iframe width=\"425\" height=\"349\" src=\"http://www.youtube.com/embed/nCTRr6aLS5Q\" frameborder=\"0\" allowfullscreen></iframe>', '1311044644', '52', 'video', 'Maar dala & Nimbooda', '<p>Spectacle BOLLYWOOD-IN THE SHOW, Mai 2008 - troupe Bollywood-In en repr&eacute;sentation</p>', '0');
INSERT INTO `media` VALUES ('366', '<iframe width=\"560\" height=\"349\" src=\"http://www.youtube.com/embed/ShIc4cLZezY\" frameborder=\"0\" allowfullscreen></iframe>', '1311044679', '52', 'video', 'CHILMAN (KISNA)', '<p><a href=\"http://www.youtube.com/watch?v=ShIc4cLZezY&amp;feature=channel_video_title\">BOLLYWOOD-IN live performance at Brussels Expo - Made In Asia Festival, march 2009.<br />\r\nExtrait du spectacle de BOLLYWOOD-IN au Salon Made In Asia &agrave; Bruxelles Expo en Mars 2009.       </a></p>', '0');
INSERT INTO `media` VALUES ('367', '<iframe width=\"425\" height=\"349\" src=\"http://www.youtube.com/embed/7oO_luJGGIk\" frameborder=\"0\" allowfullscreen></iframe>', '1311044708', '52', 'video', 'SEMAINE ASIATIQUE 2010 - BHANGRA BISTAR,', '<p>Repr&eacute;sentation de danse bollywood du 30 mars 2010, lors du Festival de la Semaine Asiatique &agrave; Lyon-Villeurbanne</p>', '0');
INSERT INTO `media` VALUES ('368', '<iframe width=\"425\" height=\"349\" src=\"http://www.youtube.com/embed/RwM2zCSA9Og\" frameborder=\"0\" allowfullscreen></iframe>', '1311044733', '52', 'video', 'BOLLYWOODIN au London Mela 2010', '<p>extraits du spectacle de la troupe BOLLYWOOD-IN au LONDON MELA 2010</p>', '0');
INSERT INTO `media` VALUES ('369', '<iframe width=\"425\" height=\"349\" src=\"http://www.youtube.com/embed/SfBb6xAwhOo\" frameborder=\"0\" allowfullscreen></iframe>', '1311044767', '52', 'video', 'MUNNI BADNAAM HUI, DHAN TE NAN & CHAAN K', '<p>Extrait du spectacle de la Semaine Asiatique 2011</p>', '0');
INSERT INTO `media` VALUES ('370', '<iframe width=\"425\" height=\"349\" src=\"http://www.youtube.com/embed/gZGFvhFcNqs\" frameborder=\"0\" allowfullscreen></iframe>', '1311044791', '52', 'video', 'Bollywood-in - Munni trailer', '<p>Bollywood-in, Munni\'s performance <br />\r\nChoregraphy by Shella Kumar.</p>', '0');
INSERT INTO `media` VALUES ('371', '<iframe width=\"425\" height=\"349\" src=\"http://www.youtube.com/embed/q8g-eAsoMmo\" frameborder=\"0\" allowfullscreen></iframe>', '1311044812', '52', 'video', 'Bollywood-in - Bhangra bistar Trailer', '<p>Bollywood-in, Bhangra Bistar\'s performance<br />\r\nChoregraphy by Shella Kumar.</p>', '0');
INSERT INTO `media` VALUES ('372', '<iframe width=\"425\" height=\"349\" src=\"http://www.youtube.com/embed/wqWYg0ETNsQ\" frameborder=\"0\" allowfullscreen></iframe>', '1311044843', '52', 'video', 'BOLLYWOOD-IN à INTERPOL!', '<p>l\'&eacute;quipe de BOLLYWOOD-IN &agrave; fi&egrave;rement repr&eacute;sent&eacute; le sous contient indien  lors de l\'Asian Night un &eacute;v&egrave;nement organis&eacute; par la fameuse institution  INTERPOL et se d&eacute;roulant dans l\'enceinte m&ecirc;me du quartier g&eacute;n&eacute;ral de  l\'organise &agrave; la Cit&eacute; Internationale de Lyon (mai 2011)</p>', '0');
INSERT INTO `media` VALUES ('373', '<iframe width=\"425\" height=\"349\" src=\"http://www.youtube.com/embed/wZ_1qlhfb_o\" frameborder=\"0\" allowfullscreen></iframe>', '1311044866', '52', 'video', 'BOLLYWOOD-IN à la Semaine Indienne 2011', '<p>Repr&eacute;sentation lors du Festival de la Semaine Indienne 2011 &agrave; Lyon-Villeurbanne</p>', '0');
INSERT INTO `media` VALUES ('374', '<iframe width=\"425\" height=\"349\" src=\"http://www.youtube.com/embed/Bp_prn6yxLQ\" frameborder=\"0\" allowfullscreen></iframe>', '1311044894', '52', 'video', 'Gala de Fin de Saison 2010/11 de BOLLYWO', '<p>Pr&eacute;sentation faite par les &eacute;l&egrave;ves des cours de danse bollywood de l\'&eacute;cole sp&eacute;cialis&eacute;e Bollywood-In</p>', '0');
INSERT INTO `media` VALUES ('375', '<iframe width=\"425\" height=\"349\" src=\"http://www.youtube.com/embed/pDvKolhJsvg\" frameborder=\"0\" allowfullscreen></iframe>', '1311044924', '52', 'video', 'BOLLYWOOD-IN, Gala 2010/11 - Partie 2', '<p>2&egrave;me partie du Gala de Fin de Saison 2010/11</p>', '0');
INSERT INTO `media` VALUES ('376', '<iframe width=\"425\" height=\"349\" src=\"http://www.youtube.com/embed/BiyxhB8MXUY\" frameborder=\"0\" allowfullscreen></iframe>', '1311044947', '52', 'video', 'BOLLYWOOD-IN, Gala 2010/11 - Partie 3', '<p>Suite et fin du Gala de Fin de Saison 2010/11</p>', '0');
INSERT INTO `media` VALUES ('377', '<iframe width=\"425\" height=\"349\" src=\"http://www.youtube.com/embed/64gQz4Z4SmQ\" frameborder=\"0\" allowfullscreen></iframe>', '1311044972', '52', 'video', 'Spectacle des élèves d\'Oullins 2010/11', '<p>repr&eacute;sentation de danse bollywood par nos &eacute;l&egrave;ves d&eacute;butants - Juin 2011</p>', '0');
INSERT INTO `media` VALUES ('378', '<iframe width=\"425\" height=\"349\" src=\"http://www.youtube.com/embed/oGpggljx3q8\" frameborder=\"0\" allowfullscreen></iframe>', '1311045002', '52', 'video', 'ISHQ KAMINAA (SHAKTI)', '<p>Festival &quot;La Semaine Asiatique&quot; 2008 &agrave; Lyon-Villeurbanne avec la troupe Bollywood-In au meilleur de sa forme!</p>', '0');
INSERT INTO `media` VALUES ('379', '<iframe width=\"425\" height=\"349\" src=\"http://www.youtube.com/embed/zr8I96t94ks\" frameborder=\"0\" allowfullscreen></iframe>', '1311045033', '52', 'video', 'DOLA RE by Bollywood-In', '<p>dola re BEST PERFORMANCE ever seen on the net!<br />\r\nextrait du spectacle  RANG-NAGAR du 26 janvier 08 - le bollywood, le vrai! ici une  interpr&eacute;tation digne des professionnels indiens.</p>', '0');
INSERT INTO `media` VALUES ('380', '<iframe width=\"425\" height=\"349\" src=\"http://www.youtube.com/embed/_q-kHSj4VwE\" frameborder=\"0\" allowfullscreen></iframe>', '1311045057', '52', 'video', 'AJAA NACHLE', '<p>extrait de repr&eacute;sentation &agrave; la Semaine Asiatique 2008, Ajaa Nachle chor&eacute;graphie retravaill&eacute;e par Bollywood-In</p>', '0');
INSERT INTO `media` VALUES ('381', '<iframe width=\"425\" height=\"349\" src=\"http://www.youtube.com/embed/b7XgdVnJ00U\" frameborder=\"0\" allowfullscreen></iframe>', '1311045082', '52', 'video', 'CHANNE KE KHET MEIN', '<p>extrait du spectacle RANG-NAGAR - 01/2008</p>', '0');
INSERT INTO `media` VALUES ('382', '<iframe width=\"560\" height=\"349\" src=\"http://www.youtube.com/embed/ShIc4cLZezY\" frameborder=\"0\" allowfullscreen></iframe>', '1311045106', '52', 'video', 'CHILMAN (KISNA)', '<p>BOLLYWOOD-IN live performance at Brussels Expo - Made In Asia Festival, march 2009.<br />\r\nExtrait du spectacle de BOLLYWOOD-IN au Salon Made In Asia &agrave; Bruxelles Expo en Mars 2009.</p>', '0');
INSERT INTO `media` VALUES ('383', '<iframe width=\"425\" height=\"349\" src=\"http://www.youtube.com/embed/wqWYg0ETNsQ\" frameborder=\"0\" allowfullscreen></iframe>', '1311045137', '52', 'video', ' BOLLYWOOD-IN à INTERPOL! ', '<p>&lt;p&gt;l\'&amp;eacute;quipe de BOLLYWOOD-IN &amp;agrave; fi&amp;egrave;rement repr&amp;eacute;sent&amp;eacute; le sous contient indien  lors de l\'Asian Night un &amp;eacute;v&amp;egrave;nement organis&amp;eacute; par la fameuse institution  INTERPOL et se d&amp;eacute;roulant dans l\'enceinte m&amp;ecirc;me du quartier g&amp;eacute;n&amp;eacute;ral de  l\'organise &amp;agrave; la Cit&amp;eacute; Internationale de Lyon (mai 2011)&lt;/p&gt;</p>', '1');
INSERT INTO `media` VALUES ('384', '<iframe width=\"425\" height=\"349\" src=\"http://www.youtube.com/embed/x4XKrgw3kxw\" frameborder=\"0\" allowfullscreen></iframe>', '1311045170', '52', 'video', '    CHABEELA (SAAWARIYA)    ', '<p>&lt;p&gt;La troupe Bollywood-In en repr&amp;eacute;sentation au JAPAN EXPO 2008 - AZIKULT au Parc des Expos de Paris Nord&lt;/p&gt;</p>', '1');
INSERT INTO `media` VALUES ('385', '<iframe width=\"425\" height=\"349\" src=\"http://www.youtube.com/embed/7oO_luJGGIk\" frameborder=\"0\" allowfullscreen></iframe>', '1311045200', '52', 'video', '   SEMAINE ASIATIQUE 2010 - BHANGRA BISTAR,   ', '<p>&lt;p&gt;Repr&amp;eacute;sentation de danse bollywood du 30 mars 2010, lors du Festival de la Semaine Asiatique &amp;agrave; Lyon-Villeurbanne&lt;/p&gt;</p>', '1');
INSERT INTO `media` VALUES ('386', '<iframe width=\"425\" height=\"349\" src=\"http://www.youtube.com/embed/BiyxhB8MXUY\" frameborder=\"0\" allowfullscreen></iframe>', '1311045225', '52', 'video', '   BOLLYWOOD-IN, Gala 2010/11 - Partie 3   ', '<p>&lt;p&gt;Suite et fin du Gala de Fin de Saison 2010/11&lt;/p&gt;</p>', '1');
INSERT INTO `media` VALUES ('387', '<iframe width=\"425\" height=\"349\" src=\"http://www.youtube.com/embed/SfBb6xAwhOo\" frameborder=\"0\" allowfullscreen></iframe>', '1311045269', '52', 'video', '    MUNNI BADNAAM HUI, DHAN TE NAN & CHAAN K    ', '<p>Extrait du spectacle de la Semaine Asiatique 2011</p>', '1');
INSERT INTO `news` VALUES ('161', '2f0d444b054f714ea190c15d2099abed.jpg', '87', '1320074002', 'ád', 'ád', '<p>ddđ</p>', '0', '1', null);
INSERT INTO `news` VALUES ('164', '3eddfa6dabe49fc7c74189ec9a04dcc9.jpg', '97', '1320168631', 'tung', 'tung', '<p>tung</p>', '1', '1', '3');
INSERT INTO `news_lang` VALUES ('1', '1', 'Title EN', 'content en', 'a', 'a', null);
INSERT INTO `news_lang` VALUES ('1', '2', 'vn', 'vn', 'b', 'b', null);
INSERT INTO `news_lang` VALUES ('77', '1', 'Bellizeno ', '<p>No content</p>', null, null, 'Bellizeno Product');
INSERT INTO `news_lang` VALUES ('77', '2', 'Hiệp Hưng tung ra sản phẩm thương hiệu Bellizeno ', '<div class=\"article-content\">Tập  đo&agrave;n Hiệp Hưng chuy&ecirc;n sản xuất v&agrave; ph&acirc;n phối c&aacute;c sản phẩm chăn ga,  ga,  gối đệm th&ecirc;u cao cấp với gần 20 năm c&oacute; mặt tr&ecirc;n thị trường vừa  quyết  định đưa thương hiệu Bellizeno về với Việt  Nam.\r\n<p style=\"text-align: left;\">Ng&agrave;y 3/8/2007, Tập đo&agrave;n Hiệp Hưng tổ  chức  Lễ ra mắt sản phẩm cao cấp n&agrave;y để giới thiệu với người ti&ecirc;u d&ugrave;ng  Việt  Nam những đặc t&iacute;nh ưu việt của c&aacute;c sản phẩm thương hiệu  Bellizeno.</p>\r\n<p style=\"text-align: left;\">Bellizeno l&agrave; sản phẩm đẳng cấp cao,  lần  đầu ti&ecirc;n c&oacute; mặt tại thị trường Việt Nam với nhiều mẫu m&atilde; đa dạng,  phong  ph&uacute;, bởi phong c&aacute;ch thiết kế độc đ&aacute;o, kết hợp tinh tế c&aacute;c đường  n&eacute;t  hoa văn trong nghệ thuật văn ho&aacute; d&acirc;n gian c&aacute;c nước tr&ecirc;n thế giới.  Được  l&agrave;m từ chất liệu sợi b&ocirc;ng vi sinh - chất liệu cao cấp nhất hiện nay   mang lại sự trong sạch cho m&ocirc;i trường, c&aacute;c sản phẩm nh&atilde;n hiệu Bellizeno   kh&ocirc;ng g&acirc;y k&iacute;ch ứng cho da, gi&uacute;p lưu th&ocirc;ng kh&iacute; huyết, n&acirc;ng cao sức khoẻ,   tr&aacute;nh bị dị ứng da khi d&ugrave;ng, giặt nhiều lần vẫn giữ được độ mịn đẹp  tạo  n&ecirc;n một phong c&aacute;ch ưu việt m&agrave; chỉ c&oacute; được ở c&aacute;c sản phẩm nh&atilde;n hiệu   Bellizeno.</p>\r\n<p style=\"text-align: left;\">Đặc biệt, c&aacute;c sản phẩm cao cấp n&agrave;y đều   được những đ&ocirc;i tay kh&eacute;o l&eacute;o của những người phụ nữ n&ocirc;ng th&ocirc;n ngh&egrave;o tại   c&aacute;c l&agrave;ng nghề truyền thống th&ecirc;u tay. Đ&acirc;y ch&iacute;nh l&agrave; một trong những dự &aacute;n   &ldquo;Hỗ trợ người ngh&egrave;o, tạo c&ocirc;ng ăn việc l&agrave;m v&agrave; ph&aacute;t triển l&agrave;ng nghề&rdquo; của   Tổ chức Plan phối hợp với Tập đo&agrave;n Hiệp Hưng thực hiện.</p>\r\n<p style=\"text-align: left;\">Như một sản phẩm đầy t&iacute;nh nh&acirc;n văn,   Bellizeno trở về với người ti&ecirc;u d&ugrave;ng Việt Nam trong xu thế người Việt   Nam d&ugrave;ng h&agrave;ng Việt Nam, d&agrave;nh cho thị trường Việt Nam một sự lựa chọn   đẳng cấp mới.</p>\r\n<p>Từ thế kỷ 12 tr&ecirc;n mảnh đất H&agrave; Th&agrave;nh, con phố H&agrave;ng  B&ocirc;ng đ&atilde; nổi tiếng  về nghề th&ecirc;u truyền thống Việt Nam. C&aacute;c b&agrave;, c&aacute;c mẹ v&agrave;  c&aacute;c chị em phụ nữ  thường tới đ&acirc;y trao đổi, mua b&aacute;n c&aacute;c mặt h&agrave;ng th&ecirc;u  phục vụ cho việc  may mặc. H&agrave;ng th&ecirc;u Việt Nam trong giai đoạn n&agrave;y được  coi l&agrave; những tặng  phẩm gi&aacute; trị l&agrave;m qu&agrave; tặng cho c&aacute;c triều vua l&aacute;ng  giềng, v&agrave; nay c&ugrave;ng với  chiều d&agrave;i lịch sử n&oacute; vẫn giữ được những gi&aacute; trị  truyền thống đ&oacute;.</p>\r\n<p>Ch&iacute;nh v&igrave; vậy, được kế thừa nghề th&ecirc;u may truyền  thống của gia đ&igrave;nh  nh&agrave; chồng, năm 1988 - b&agrave; Đo&agrave;n Thị Hữu Nghị c&ugrave;ng gia  đ&igrave;nh chồng đ&atilde; th&agrave;nh  lập C&ocirc;ng ty chuy&ecirc;n sản xuất, cung cấp c&aacute;c mặt h&agrave;ng  th&ecirc;u, ren truyền  thống v&agrave; may mặc lấy t&ecirc;n Hiệp Hưng với &yacute; nghĩa: &ldquo;C&ugrave;ng  nhau hiệp t&aacute;c -  hiệp lực để hưng thịnh&rdquo;.</p>\r\n<p style=\"text-align: left;\">Trong gần 20 năm qua, hoạt động sản  xuất,  kinh doanh của Hiệp Hưng đ&atilde; ph&aacute;t triển mạnh v&agrave; c&oacute; uy t&iacute;n tr&ecirc;n thị   trường của nhiều nước tr&ecirc;n thế giới. Nay, trong xu thế hội nhập v&agrave; hợp   t&aacute;c đang ng&agrave;y một lớn mạnh, b&agrave; Đo&agrave;n Thị Hữu Nghị đ&atilde; th&agrave;nh lập Tập Đo&agrave;n   Hiệp Hưng &ndash; ph&aacute;t huy tinh thần &ldquo;C&ugrave;ng nhau hiệp t&aacute;c - hiệp lực để hưng   thịnh&rdquo; nhằm mở rộng hoạt động tr&ecirc;n c&aacute;c lĩnh vực sản xuất h&agrave;ng thủ c&ocirc;ng   mỹ nghệ, h&agrave;ng th&ecirc;u; cung cấp dịch vụ t&agrave;i ch&iacute;nh, t&aacute;i cơ cấu doanh nghiệp,   vận tải nội địa - quốc tế v&agrave; c&aacute;c dịch vụ xuất nhập khẩu, ph&acirc;n phối  h&agrave;ng  ti&ecirc;u d&ugrave;ng tr&ecirc;n to&agrave;n quốc&hellip;</p>\r\n<p style=\"text-align: left;\">Với mẫu m&atilde; phong ph&uacute; v&agrave; chất lượng vải  đẹp  được l&agrave;m từ organic cotton - loại chất liệu rất th&acirc;n thiện với m&ocirc;i   trường, tốt cho sức khỏe, tr&aacute;nh bị dị ứng da khi đắp, giặt nhiều lần vẫn   giữ độ mịn đẹp, c&aacute;c sản phẩm chăn, ga, gối, đệm th&ecirc;u của Tập đo&agrave;n Hiệp   Hưng đ&atilde; được đ&aacute;nh gi&aacute; l&agrave; những mặt h&agrave;ng cao cấp v&agrave; được xếp v&agrave;o hạng  năm  sao tr&ecirc;n thị trường thế giới. C&aacute;c sản phẩm của c&ocirc;ng ty được thiết  kế  độc đ&aacute;o bởi sự kết hợp tinh tế c&aacute;c đường n&eacute;t, hoạ tiết trong nghệ  thuật  văn ho&aacute; d&acirc;n gian c&aacute;c d&acirc;n tộc tr&ecirc;n thế giới, tạo n&ecirc;n một phong  c&aacute;ch ri&ecirc;ng  biệt, đ&aacute;p ứng được thị hiếu khắt khe tr&ecirc;n thị trường nhiều  nước như:  Nhật, &Yacute;, Ph&aacute;p, Đan Mạch, Đức&hellip;</p>\r\n<p style=\"text-align: left;\">Năm 2005, c&ugrave;ng với dự &aacute;n xo&aacute; đ&oacute;i giảm   ngh&egrave;o của tổ chức PLAN, b&agrave; Đo&agrave;n Thị Hữu Nghị - Tổng Gi&aacute;m đốc Tập đo&agrave;n đ&atilde;   c&oacute; s&aacute;ng kiến x&acirc;y dựng m&ocirc; h&igrave;nh đ&agrave;o tạo dạy nghề th&ecirc;u cho c&aacute;c chị em   ngh&egrave;o thuộc một số x&atilde; ngh&egrave;o của tỉnh H&agrave; Nam. Đến nay c&ocirc;ng ty đ&atilde; đ&agrave;o tạo   được hơn 300 tay kim, từng bước n&acirc;ng cao đời sống của c&aacute;c gia đ&igrave;nh. Với   m&ocirc; h&igrave;nh n&agrave;y, Hiệp Hưng Group sẽ tiếp tục mở ra c&aacute;c x&atilde; ngh&egrave;o của tỉnh  H&agrave;  Nam v&agrave; tỉnh Th&aacute;i Nguy&ecirc;n, Bắc Giang, Tuy&ecirc;n Quang, H&agrave;  Giang.</p>\r\n<p style=\"text-align: left;\">Song song việc ph&aacute;t triển kinh doanh,  việc  n&acirc;ng cao đời sống to&agrave;n thể CBCNV l&agrave; phương ch&acirc;m hoạt động của c&ocirc;ng  ty.  Mặc d&ugrave;, do bản sắc văn ho&aacute; đặc trưng của c&ocirc;ng ty l&agrave; l&agrave;m h&agrave;ng th&ecirc;u  may  cho n&ecirc;n số lượng c&ocirc;ng nh&acirc;n nữ chiếm hơn 90%. V&igrave; vậy, đo&agrave;n kết, s&aacute;ng  tạo  v&agrave; ph&aacute;t triển l&agrave; động lực th&uacute;c đẩy cho c&ocirc;ng ty ng&agrave;y c&agrave;ng hưng thịnh  v&agrave;  vững mạnh.</p>\r\n<p>Với phương ch&acirc;m vui vẻ l&agrave;m việc, hưởng thụ cuộc  sống, cởi mở với tất  cả mọi người l&agrave; điều tất cả mọi người trong Tập  đo&agrave;n Hiệp Hưng lu&ocirc;n  vươn tới.</p>\r\n<div style=\"text-align: right;\">Bellizeno (Theo VnExpress)</div>\r\n</div>\r\n<p>&nbsp;</p>\r\n<p><span class=\"article_separator\"><br />\r\n</span></p>', null, null, 'Bellizeno là sản phẩm đẳng cấp cao, lần đầu tiên có mặt tại thị trường Việt Nam với nhiều mẫu mã đa dạng');
INSERT INTO `news_lang` VALUES ('68', '2', 'Trao nhà tình nghĩa ', '<p align=\"center\"><strong>TRAO NH&Agrave; CHO PHỤ NỮ NGH&Egrave;O HUYỆN BA V&Igrave;</strong></p>\r\n<p><span>Hưởng ứng phong tr&agrave;o x&acirc;y dựng &quot; M&aacute;i ấm t&igrave;nh thương \' cho chị em  phụ nữ ngh&egrave;o v&ugrave;ng ngoại &ocirc; H&agrave; Nội do Hội LHPN th&agrave;nh phố H&agrave; Nội ph&aacute;t  động. Ng&agrave;y 15/1/2010 đại diện Tập Đo&agrave;n Hiệp Hưng đ&atilde; c&ugrave;ng với diện của  Hội LHPN th&agrave;nh phố H&agrave; Nội trao 2 m&aacute;i ấm t&igrave;nh thương cho 2 gia đ&igrave;nh tại  Huyện Ba V&igrave;.</span></p>\r\n<p>Đ&oacute; l&agrave; gia đ&igrave;nh chị Đặng Thị Nguy&ecirc;n th&ocirc;n V&acirc;n Xa- X&atilde; T&acirc;n Hồng v&agrave; gia  đ&igrave;nh chị Nguyễn Thị Hương - Thị trấn T&acirc;y Đằng. Trong kh&ocirc;ng kh&iacute; ấm ấp  thắm đượm nghĩa t&igrave;nh, đại điện Huyện Ủy, Hội LHPN Huyện, đại diện c&aacute;c  ban ng&agrave;nh từ x&atilde; đến th&ocirc;n, b&agrave; con lối x&oacute;m đều c&oacute; mặt đồng đủ để c&ugrave;ng chia  sẻ&nbsp; niềm vui xu&acirc;n đến sớm với gia đ&igrave;nh c&aacute;c chị. &nbsp;Thay mặt&nbsp; Huyện Ủy Ba  V&igrave; đồng ch&iacute; L&ecirc; Văn Minh - PBT Huyện Ủy đ&atilde; c&oacute; lời ph&aacute;t biểu chia vui,  động vi&ecirc;n gia đ&igrave;nh c&aacute;c chị cố gắng x&acirc;y dựng cuộc sống tốt đẹp hơn để đ&aacute;p  lại t&igrave;nh cảm m&agrave; x&atilde; hội đ&atilde; gi&agrave;nh cho gia đ&igrave;nh c&aacute;c chị, đồng thời đồng  ch&iacute; cũng gửi lời cảm ơn ch&acirc;n th&agrave;nh v&agrave; s&acirc;u sắc nhất tới l&atilde;nh đạo Tập  đo&agrave;n, anh chị em c&aacute;n bộ c&ocirc;ng nh&acirc;n vi&ecirc;n đặc biệt l&agrave; c&aacute; nh&acirc;n b&agrave; Đo&agrave;n Thị  Hữu Nghị- CTTĐ đ&atilde; c&oacute; những nghĩa cử cao đẹp d&agrave;nh cho chị em phụ nữ ngh&egrave;o  Huyện Ba V&igrave;.</p>\r\n<p><img alt=\"\" src=\"http://bellizeno.com.vn/images/stories/p1070142bb.jpg\" /></p>\r\n<p>( Tập đo&agrave;n Hiệp Hưng tặng qu&agrave; cho gia đ&igrave;nh Chị nguy&ecirc;n - Tản Hồng - Ba V&igrave; - H&agrave; Nội )</p>\r\n<p><img alt=\"\" src=\"http://bellizeno.com.vn/images/stories/p1070141.jpg\" /></p>\r\n<p>Chương tr&igrave;nh x&acirc;y nh&agrave; cho chị em phụ nữ ngh&egrave;o ở c&aacute;c v&ugrave;ng qu&ecirc; l&agrave; một  hoạt động thường ni&ecirc;n m&agrave; Tập đo&agrave;n Hiệp Hưng cũng như c&aacute;c nh&acirc;n b&agrave; Đo&agrave;n  Thị Hữu nghi lu&ocirc;n thực hiện tốt nhằm g&oacute;p phần c&ugrave;ng cộng đồng x&oacute;a bớt đi  những nhọc nhằn mang lại nụ cười v&agrave; ước mơ cho chị em phu nữ ngh&egrave;o ở c&aacute;c  v&ugrave;ng qu&ecirc;. Chương tr&igrave;nh đang được tiếp tục được triển khai tại x&atilde; Văn L&yacute;  Tỉnh H&agrave; Nam.</p>', null, null, 'Hưởng ứng phong trào xây dựng \" Mái ấm tình thương \' cho chị em phụ nữ nghèo vùng ngoại ô Hà Nội do Hội LHPN thành phố Hà Nội phát động. Ngày 15/1/2010 đại diện Tập Đoàn Hiệp Hưng đã cùng với diện của Hội LHPN thành phố Hà Nội trao 2 mái ấm tình thương ch');
INSERT INTO `news_lang` VALUES ('68', '1', 'Exchange houses of gratitude', '<p>No content</p>', null, null, 'Exchange');
INSERT INTO `news_lang` VALUES ('69', '1', 'A coffee', '<p>No content</p>', null, null, 'A coffee');
INSERT INTO `news_lang` VALUES ('69', '2', 'Một tách cà phê cho một ngày làm việc hiệu quả! ', '<div class=\"article-content\">\r\n<p>Một nh&oacute;m học sinh cũ kh&aacute; th&agrave;nh c&ocirc;ng v&agrave; ổn định trong nghề nghiệp tập  trung tại nh&agrave; một thầy gi&aacute;o cũ. C&acirc;u chuyện dần d&agrave; chuyển sang những than  thở về &aacute;p lực cuộc sống v&agrave; c&ocirc;ng việc. <br />\r\n<br />\r\nĐ&atilde;i c&agrave; ph&ecirc; cho c&aacute;c vị  kh&aacute;ch của m&igrave;nh, thầy gi&aacute;o v&ocirc; bếp mang ra một ấm to c&agrave; ph&ecirc; v&agrave; nhiều ly  t&aacute;ch kh&aacute;c nhau từ ly nhựa, ly sứ, ly thủy tinh, c&oacute; c&aacute;i đơn giản, xinh  xắn, c&oacute; c&aacute;i sang trọng đắt tiền. Thầy bảo c&aacute;c học sinh tự lấy c&agrave; ph&ecirc; cho  m&igrave;nh. <br />\r\n<br />\r\nKhi em n&agrave;o cũng chọn được c&aacute;i t&aacute;ch cho m&igrave;nh, thầy n&oacute;i:<br />\r\n<br />\r\n&quot;Nếu c&aacute;c em để &yacute; sẽ thấy mấy c&aacute;i t&aacute;ch đẹp, sang trọng v&agrave; đắt tiền được  chọn ngay, chỉ c&oacute; những c&aacute;i b&igrave;nh thường v&agrave; rẻ tiền được chừa lại. Cũng  b&igrave;nh thường th&ocirc;i, thường th&igrave; người ta chỉ muốn những c&aacute;i tốt nhất cho  m&igrave;nh. Đ&oacute; cũng ch&iacute;nh l&agrave; nguồn cội của những vấn đề v&agrave; &aacute;p lực&quot;. <br />\r\n<br />\r\nH&atilde;y hiểu r&otilde; r&agrave;ng rằng bản th&acirc;n c&aacute;i t&aacute;ch kh&ocirc;ng l&agrave;m c&agrave; ph&ecirc; ngon hơn. Trong  mọi trường hợp, n&oacute; chỉ l&agrave;m c&agrave; ph&ecirc; mắc tiền hơn hay trong v&agrave;i trường hợp  n&oacute; &aacute;t hẳn m&ugrave;i vị của c&agrave; ph&ecirc;.</p>\r\n<p>&nbsp;</p>\r\n<div style=\"text-align: center;\"><img style=\"width: 489px; height: 350px;\" alt=\"\" src=\"http://bellizeno.com.vn/images/stories/1268463558_cafe2.jpg\" /></div>\r\n<div style=\"text-align: center;\">&nbsp;</div>\r\n<div style=\"text-align: center;\">&nbsp;</div>\r\n<p>&nbsp;</p>\r\n<p>&nbsp;</p>\r\n<p>&nbsp;</p>\r\n<p>&nbsp;</p>\r\n<p>&nbsp;</p>\r\n<p>&nbsp;</p>\r\n<p>&nbsp;</p>\r\n<p>&nbsp;</p>\r\n<p>&nbsp;</p>\r\n<p>&nbsp;</p>\r\n<p>Những g&igrave; bạn muốn ở đ&acirc;y đơn giản chỉ l&agrave; c&agrave; ph&ecirc;, kh&ocirc;ng phải l&agrave; c&aacute;i t&aacute;ch  nhưng một c&aacute;ch v&ocirc; thức c&aacute;c em lại hướng đến những c&aacute;i t&aacute;ch tốt nhất...  v&agrave; sau đ&oacute; c&aacute;c em bắt đầu ngh&iacute;a t&aacute;ch của c&aacute;c bạn kh&aacute;c. <br />\r\n<br />\r\nH&atilde;y nghĩ  thử xem: cuộc sống như c&agrave; ph&ecirc;; c&ocirc;ng việc, tiền bạc v&agrave; vị tr&iacute; trong x&atilde;  hội l&agrave; những c&aacute;i t&aacute;ch th&ocirc;i. Ch&uacute;ng chỉ l&agrave; những c&ocirc;ng cụ để chứa đựng cuộc  sống n&agrave;y v&agrave; loại &quot;t&aacute;ch&quot; ch&uacute;ng ta c&oacute; được kh&ocirc;ng quyết định, cũng kh&ocirc;ng  thay đổi gi&aacute; trị của cuộc sống ch&uacute;ng ta. <br />\r\n<br />\r\nĐ&ocirc;i khi v&igrave; qu&aacute; chạy  theo những c&aacute;i t&aacute;ch m&agrave; ch&uacute;ng ta bỏ mất cơ hội thưởng thức c&agrave; ph&ecirc;! Người  hạnh ph&uacute;c nhất kh&ocirc;ng phải l&agrave; người c&oacute; tất cả những thứ tốt nhất. Họ chỉ  tr&acirc;n trọng hết mức mọi thứ m&agrave; họ c&oacute;. <br />\r\n<br />\r\nSống đơn giản. Y&ecirc;u thương ngập tr&agrave;n. Quan t&acirc;m s&acirc;u sắc. N&oacute;i những lời tử tế.</p>\r\n<p style=\"text-align: right;\"><a href=\"mailto:Trangpm@kcp.com.vn\">Trangpm@kcp.com.vn</a></p>\r\n</div>\r\n<p>&nbsp;      <span class=\"article_separator\"><br />\r\n</span></p>\r\n<p>&nbsp;</p>', 'a', 'a', 'Hãy hiểu rõ ràng rằng bản thân cái tách không làm cà phê ngon hơn');
INSERT INTO `news_lang` VALUES ('70', '1', 'VIP Customers', '<p>No cotent</p>', null, null, 'VIP Customers');
INSERT INTO `news_lang` VALUES ('70', '2', 'Thành viên VIP', '<div class=\"mainbody-right\">\r\n<div class=\"article-content\">\r\n<table cellspacing=\"3\" cellpadding=\"3\" border=\"1\" style=\"border-style: solid; border-color: rgb(204, 204, 204); text-align: center; border-collapse: collapse; width: 576px; height: 822px;\">\r\n    <tbody>\r\n        <tr>\r\n            <td><strong>STT</strong></td>\r\n            <td><strong>M&atilde; KH</strong></td>\r\n            <td><strong>T&ecirc;n kh&aacute;ch h&agrave;ng</strong></td>\r\n            <td><strong>Địa chỉ</strong></td>\r\n            <td><strong>Điện thoại</strong></td>\r\n            <td><strong>Thời gian hiệu    lực</strong></td>\r\n        </tr>\r\n        <tr>\r\n            <td>1</td>\r\n            <td>0001</td>\r\n            <td>Nguyễn Thị Thanh    Hương</td>\r\n            <td>&nbsp;</td>\r\n            <td>&nbsp;</td>\r\n            <td>&nbsp;</td>\r\n        </tr>\r\n        <tr>\r\n            <td>2</td>\r\n            <td>0002</td>\r\n            <td>Phạm Thị Loan</td>\r\n            <td>&nbsp;</td>\r\n            <td>&nbsp;</td>\r\n            <td>&nbsp;</td>\r\n        </tr>\r\n        <tr>\r\n            <td>3</td>\r\n            <td>0201</td>\r\n            <td>Nguyễn Thanh Hương</td>\r\n            <td>&nbsp;</td>\r\n            <td>&nbsp;</td>\r\n            <td>&nbsp;</td>\r\n        </tr>\r\n        <tr>\r\n            <td>4</td>\r\n            <td>0202</td>\r\n            <td>Văn Kiều Nguyệt Hồng</td>\r\n            <td>&nbsp;</td>\r\n            <td>&nbsp;</td>\r\n            <td>&nbsp;</td>\r\n        </tr>\r\n        <tr>\r\n            <td>5</td>\r\n            <td>0203</td>\r\n            <td>Văn Dương Th&agrave;nh</td>\r\n            <td>&nbsp;</td>\r\n            <td>&nbsp;</td>\r\n            <td>&nbsp;</td>\r\n        </tr>\r\n        <tr>\r\n            <td>6</td>\r\n            <td>0502</td>\r\n            <td>Bạch Th&aacute;i H&agrave;</td>\r\n            <td>&nbsp;</td>\r\n            <td>&nbsp;</td>\r\n            <td>&nbsp;</td>\r\n        </tr>\r\n        <tr>\r\n            <td>7</td>\r\n            <td>0501</td>\r\n            <td>B&ugrave;i Thị Thu H&agrave;</td>\r\n            <td>&nbsp;</td>\r\n            <td>&nbsp;</td>\r\n            <td>&nbsp;</td>\r\n        </tr>\r\n        <tr>\r\n            <td>8</td>\r\n            <td>0003</td>\r\n            <td>Phạm Thị Lan Anh</td>\r\n            <td>&nbsp;</td>\r\n            <td>&nbsp;</td>\r\n            <td>&nbsp;</td>\r\n        </tr>\r\n        <tr>\r\n            <td>9</td>\r\n            <td>0004</td>\r\n            <td>L&ecirc; Tr&agrave; My</td>\r\n            <td>&nbsp;</td>\r\n            <td>&nbsp;</td>\r\n            <td>&nbsp;</td>\r\n        </tr>\r\n        <tr>\r\n            <td>10</td>\r\n            <td>0503</td>\r\n            <td>B&ugrave;i Thị Thu Hương</td>\r\n            <td>&nbsp;</td>\r\n            <td>&nbsp;</td>\r\n            <td>&nbsp;</td>\r\n        </tr>\r\n        <tr>\r\n            <td>11</td>\r\n            <td>0504</td>\r\n            <td>L&ecirc; Ph&uacute; S&ocirc;ng Lam</td>\r\n            <td>&nbsp;</td>\r\n            <td>&nbsp;</td>\r\n            <td>&nbsp;</td>\r\n        </tr>\r\n        <tr>\r\n            <td>12</td>\r\n            <td>0505</td>\r\n            <td>Ho&agrave;ng Mỹ Hường</td>\r\n            <td>&nbsp;</td>\r\n            <td>&nbsp;</td>\r\n            <td>&nbsp;</td>\r\n        </tr>\r\n        <tr>\r\n            <td>13</td>\r\n            <td>0506</td>\r\n            <td>Đo&agrave;n Thị Tuyết Nga</td>\r\n            <td>&nbsp;</td>\r\n            <td>&nbsp;</td>\r\n            <td>&nbsp;</td>\r\n        </tr>\r\n        <tr>\r\n            <td>14</td>\r\n            <td>0005</td>\r\n            <td>H&agrave; Thị Thu Thanh</td>\r\n            <td>&nbsp;</td>\r\n            <td>&nbsp;</td>\r\n            <td>&nbsp;</td>\r\n        </tr>\r\n        <tr>\r\n            <td>15</td>\r\n            <td>0006</td>\r\n            <td>Vũ Thị Thoa</td>\r\n            <td>&nbsp;</td>\r\n            <td>&nbsp;</td>\r\n            <td>&nbsp;</td>\r\n        </tr>\r\n        <tr>\r\n            <td>16</td>\r\n            <td>0398</td>\r\n            <td>L&ecirc; Huy Ho&agrave;ng</td>\r\n            <td>&nbsp;</td>\r\n            <td>&nbsp;</td>\r\n            <td>&nbsp;</td>\r\n        </tr>\r\n        <tr>\r\n            <td>17</td>\r\n            <td>0414</td>\r\n            <td>Trần Phương Nga</td>\r\n            <td>&nbsp;</td>\r\n            <td>&nbsp;</td>\r\n            <td>&nbsp;</td>\r\n        </tr>\r\n        <tr>\r\n            <td>18</td>\r\n            <td>0468</td>\r\n            <td>Trịnh Thị Hoa</td>\r\n            <td>&nbsp;</td>\r\n            <td>&nbsp;</td>\r\n            <td>&nbsp;</td>\r\n        </tr>\r\n        <tr>\r\n            <td>19</td>\r\n            <td>0241</td>\r\n            <td>Trần Mai V&acirc;n</td>\r\n            <td>&nbsp;</td>\r\n            <td>&nbsp;</td>\r\n            <td>&nbsp;</td>\r\n        </tr>\r\n        <tr>\r\n            <td>20</td>\r\n            <td>0159</td>\r\n            <td>Trần Th&uacute;y Hiền</td>\r\n            <td>&nbsp;</td>\r\n            <td>&nbsp;</td>\r\n            <td>&nbsp;</td>\r\n        </tr>\r\n        <tr>\r\n            <td>21</td>\r\n            <td>0165</td>\r\n            <td>Trịnh Thị Quỳnh Trang</td>\r\n            <td>&nbsp;</td>\r\n            <td>&nbsp;</td>\r\n            <td>&nbsp;</td>\r\n        </tr>\r\n        <tr>\r\n            <td>22</td>\r\n            <td>0121</td>\r\n            <td>Nguyễn Thị Hiền</td>\r\n            <td>&nbsp;</td>\r\n            <td>&nbsp;</td>\r\n            <td>&nbsp;</td>\r\n        </tr>\r\n        <tr>\r\n            <td>23</td>\r\n            <td>0475</td>\r\n            <td>L&ecirc; Thanh Nh&agrave;n</td>\r\n            <td>&nbsp;</td>\r\n            <td>&nbsp;</td>\r\n            <td>&nbsp;</td>\r\n        </tr>\r\n        <tr>\r\n            <td>24</td>\r\n            <td>0215</td>\r\n            <td>Nguyễn Kiều Linh</td>\r\n            <td>&nbsp;</td>\r\n            <td>&nbsp;</td>\r\n            <td>&nbsp;</td>\r\n        </tr>\r\n        <tr>\r\n            <td>25</td>\r\n            <td>0775</td>\r\n            <td>Nguyễn Thị Dư</td>\r\n            <td>&nbsp;</td>\r\n            <td>&nbsp;</td>\r\n            <td>&nbsp;</td>\r\n        </tr>\r\n        <tr>\r\n            <td valign=\"top\">26</td>\r\n            <td valign=\"top\"><span style=\"border-collapse: separate; color: rgb(0, 0, 0); font-family: \'Times New Roman\'; font-style: normal; font-variant: normal; font-weight: normal; letter-spacing: normal; line-height: normal; orphans: 2; text-indent: 0px; text-transform: none; white-space: normal; widows: 2; word-spacing: 0px; font-size: medium;\" class=\"Apple-style-span\"><span style=\"font-family: Helvetica,Arial,Verdana; font-size: 14px;\" class=\"Apple-style-span\"><span class=\"Apple-converted-space\"> </span>0255</span></span></td>\r\n            <td valign=\"top\"><span style=\"border-collapse: separate; color: rgb(0, 0, 0); font-family: \'Times New Roman\'; font-style: normal; font-variant: normal; font-weight: normal; letter-spacing: normal; line-height: normal; orphans: 2; text-indent: 0px; text-transform: none; white-space: normal; widows: 2; word-spacing: 0px; font-size: medium;\" class=\"Apple-style-span\"><span style=\"font-family: Helvetica,Arial,Verdana; font-size: 14px;\" class=\"Apple-style-span\">Le Tuyet Thu</span></span></td>\r\n            <td valign=\"top\">&nbsp;</td>\r\n            <td valign=\"top\">&nbsp;</td>\r\n            <td valign=\"top\">&nbsp;</td>\r\n        </tr>\r\n        <tr>\r\n            <td valign=\"top\">27</td>\r\n            <td valign=\"top\"><span style=\"border-collapse: separate; color: rgb(0, 0, 0); font-family: \'Times New Roman\'; font-style: normal; font-variant: normal; font-weight: normal; letter-spacing: normal; line-height: normal; orphans: 2; text-indent: 0px; text-transform: none; white-space: normal; widows: 2; word-spacing: 0px; font-size: medium;\" class=\"Apple-style-span\"><span style=\"font-family: Helvetica,Arial,Verdana; font-size: 14px;\" class=\"Apple-style-span\">0469</span></span></td>\r\n            <td valign=\"top\"><span style=\"border-collapse: separate; color: rgb(0, 0, 0); font-family: \'Times New Roman\'; font-style: normal; font-variant: normal; font-weight: normal; letter-spacing: normal; line-height: normal; orphans: 2; text-indent: 0px; text-transform: none; white-space: normal; widows: 2; word-spacing: 0px; font-size: medium;\" class=\"Apple-style-span\"><span style=\"font-family: Helvetica,Arial,Verdana; font-size: 14px;\" class=\"Apple-style-span\">Vu Gia Kim</span></span></td>\r\n            <td valign=\"top\">&nbsp;</td>\r\n            <td valign=\"top\">&nbsp;</td>\r\n            <td valign=\"top\">&nbsp;</td>\r\n        </tr>\r\n        <tr>\r\n            <td valign=\"top\">28</td>\r\n            <td valign=\"top\"><span style=\"border-collapse: separate; color: rgb(0, 0, 0); font-family: \'Times New Roman\'; font-style: normal; font-variant: normal; font-weight: normal; letter-spacing: normal; line-height: normal; orphans: 2; text-indent: 0px; text-transform: none; white-space: normal; widows: 2; word-spacing: 0px; font-size: medium;\" class=\"Apple-style-span\"><span style=\"font-family: Helvetica,Arial,Verdana; font-size: 14px;\" class=\"Apple-style-span\">0375</span></span></td>\r\n            <td valign=\"top\"><span style=\"border-collapse: separate; color: rgb(0, 0, 0); font-family: \'Times New Roman\'; font-style: normal; font-variant: normal; font-weight: normal; letter-spacing: normal; line-height: normal; orphans: 2; text-indent: 0px; text-transform: none; white-space: normal; widows: 2; word-spacing: 0px; font-size: medium;\" class=\"Apple-style-span\"><span style=\"font-family: Helvetica,Arial,Verdana; font-size: 14px;\" class=\"Apple-style-span\">Nguyen Thi Ninh</span></span></td>\r\n            <td valign=\"top\">&nbsp;</td>\r\n            <td valign=\"top\">&nbsp;</td>\r\n            <td valign=\"top\">&nbsp;</td>\r\n        </tr>\r\n    </tbody>\r\n</table>\r\n</div>\r\n<span class=\"article_separator\">&nbsp;</span></div>', null, null, 'Các khách hàng VIP');
INSERT INTO `news_lang` VALUES ('82', '2', 'Bạn biết gì về tâm sinh lý của trẻ nhỏ?', '<div class=\"article-content\"><strong>Từ 2 tuổi trở l&ecirc;n, trẻ biết sợ. B&eacute; thấy m&igrave;nh qu&aacute; nhỏ b&eacute;  so với kh&ocirc;ng gian xung quanh n&ecirc;n sợ phải xa mẹ. Nỗi lo lắng n&agrave;y giống  như cảm gi&aacute;c ra nước ngo&agrave;i khi ng&ocirc;n ngữ kh&ocirc;ng biết, tiền cũng kh&ocirc;ng m&agrave;  người phi&ecirc;n dịch lại đi đ&acirc;u mất. </strong>\r\n<p>Khoa học đ&atilde; ghi nhận được những biến đổi về t&acirc;m sinh l&yacute;  của trẻ ngay từ khi c&ograve;n l&agrave; b&agrave;o thai. Từ th&aacute;ng thứ 7, cơ quan th&iacute;nh gi&aacute;c  bắt đầu hoạt động. Thai sống với một nền &acirc;m thanh khoảng 90 dB trong  bụng mẹ, quen với tiếng mẹ v&agrave; bố ở ngo&agrave;i. Thời gian n&agrave;y, cơ quan vị gi&aacute;c  cũng ho&agrave;n chỉnh; thai nhi nhận biết được bốn vị cơ bản: ngọt, mặn,  đắng, chua; nhất l&agrave; ngọt. C&aacute;i bọc da bao quanh to&agrave;n th&acirc;n b&eacute; cũng gi&uacute;p b&eacute;  tiếp nhận c&aacute;c cảm gi&aacute;c đu đưa, để 2 mẹ con l&agrave;m quen với nhau bằng nhịp  điệu. Như vậy, thai nhi ở trong một m&ocirc;i trường rất đặc biệt, c&oacute; thể hiểu  được bố mẹ bằng &acirc;m điệu.<br />\r\n<br />\r\nKhi ra đời, m&ocirc;i trường b&ecirc;n ngo&agrave;i ho&agrave;n  to&agrave;n mới lạ với b&eacute;. Muốn tồn tại, trẻ phải th&iacute;ch nghi dần. Việc th&iacute;ch  nghi nhiều hay &iacute;t phụ thuộc v&agrave;o sự trưởng th&agrave;nh của hệ thần kinh.<br />\r\n<br />\r\n<strong>Trong những tuần đầu, hệ thần kinh của trẻ chưa trưởng th&agrave;nh</strong>.  B&eacute; chưa c&oacute; nhịp s&aacute;ng tối, bị c&aacute;c yếu tố trong m&ocirc;i trường mới ức chế n&ecirc;n  ngủ nhiều, kh&ocirc;ng chịu được tiếng động qu&aacute; mạnh, hay kh&oacute;c. Cơ quan nhận  cảm l&uacute;c n&agrave;y l&agrave; m&ocirc;i, miệng. B&eacute; c&oacute; nhiều phản ứng sinh l&yacute;: m&uacute;t tay, bỏ ăn,  đ&aacute;i dầm, n&ocirc;n trớ, ỉa đ&ugrave;n. L&uacute;c n&agrave;y, b&eacute; chỉ b&uacute; mẹ, thể hiện mọi cảm gi&aacute;c  th&ocirc;ng qua động t&aacute;c b&uacute;. Cuộc sống 2 mẹ con l&uacute;c n&agrave;y kh&ocirc;ng thể t&aacute;ch rời  nhau. Th&ocirc;ng qua b&uacute; m&uacute;t, mẹ con hiểu nhau, kiểu hiểu nhau tiền ng&ocirc;n ngữ.</p>\r\n<p align=\"left\">Trong 3 th&aacute;ng đầu, trẻ ngủ nhiều, thường thức l&uacute;c 6 giờ  s&aacute;ng rồi lại ngủ sau khi được b&uacute; v&agrave; chăm s&oacute;c. Đến 8 giờ s&aacute;ng, trẻ thức,  10-12 giờ ngủ lại. Sau đ&oacute;, trẻ thức rồi lại ngủ từ 2 đến 4 giờ chiều,  đến 7 giờ tối lại ngủ. N&oacute;i t&oacute;m lại, trẻ chỉ ăn v&agrave; ngủ. Thời gian n&agrave;y,  trẻ sống dựa v&agrave;o mẹ, thần kinh c&oacute; thể chưa ho&agrave;n thiện. Nhưng về sau, số  lần ngủ v&agrave; thời lượng ngủ bớt đi, trẻ chơi nhiều hơn. Trẻ dần dần ph&acirc;n  biệt được s&aacute;ng tối. T&iacute;nh t&ograve; m&ograve; ph&aacute;t triển dần, thời kỳ t&igrave;m hiểu thế giới  b&ecirc;n ngo&agrave;i bắt đầu. Trẻ chuyển từ chỗ được bế ẵm sang nằm n&ocirc;i, c&aacute; t&iacute;nh  h&igrave;nh th&agrave;nh, đủ t&iacute;nh chất của một con người v&agrave; chuẩn bị t&aacute;ch khỏi mẹ.</p>\r\n<p align=\"left\">Nhiều người cho rằng trẻ sống phụ thuộc v&agrave;o mẹ cho đến  tr&ecirc;n 1 tuổi. Nhưng theo c&aacute;c nh&agrave; nghi&ecirc;n cứu, em b&eacute; c&oacute; t&iacute;nh độc lập sớm  hơn. V&igrave; thế, cần c&oacute; lịch biểu ngủ sớm hơn cho trẻ.&nbsp;<strong>Sau 4 th&aacute;ng, trẻ biết ph&acirc;n biệt ăn, ngủ, chơi, đ&ecirc;m, ng&agrave;y v&agrave; thấy ng&agrave;y giờ hữu hạn hơn</strong>.  H&atilde;y đặt lịch ngủ l&uacute;c 6 th&aacute;ng. L&uacute;c đầu, trẻ c&oacute; thể chống lại, nhưng 3  th&aacute;ng sau, trẻ đ&aacute;p ứng ngay. Dưới 4 th&aacute;ng, trẻ dễ ngủ, bế đi đ&acirc;u cũng  được. Nhưng từ 4 đến 9 th&aacute;ng, trẻ kh&oacute; ngủ hơn trong m&ocirc;i trường đ&ocirc;ng v&agrave;  ồn. Do đ&oacute;, trẻ dễ thiếu ngủ, dễ mệt mỏi hơn trước, v&agrave; phải c&oacute; lịch ngủ  sớm.<br />\r\n<br />\r\n<strong>Thường từ 1 tuổi trở l&ecirc;n, trẻ th&ocirc;i b&uacute;, rời mẹ</strong>.  Do thần kinh ph&aacute;t triển, trẻ muốn kh&aacute;m ph&aacute; thế giới b&ecirc;n ngo&agrave;i. Cơ quan  vận động cũng bắt đầu ph&aacute;t triển, trẻ biết đi, hay quờ quạng, gi&atilde;y đạp,  chuyển từ c&aacute;i m&agrave; ta gọi l&agrave; gi&aacute;c-động (nhận biết sự vật bằng cảm gi&aacute;c v&agrave;  vận động ch&acirc;n tay) sang suy nghĩ. Gi&aacute;o sư Nhi khoa Mahler gọi điều n&agrave;y  l&agrave; t&igrave;nh y&ecirc;u thế giới b&ecirc;n ngo&agrave;i, bắt đầu xuất hiện ở lứa tuổi 10-15  th&aacute;ng. Cũng v&igrave; thế m&agrave; ở thời kỳ n&agrave;y, tư tưởng trẻ ph&acirc;n t&aacute;n, th&ecirc;m kh&oacute;  ngủ, chỉ khi qu&aacute; mệt trẻ mới chịu ngủ. Tổng lượng ngủ ng&agrave;y v&agrave; đ&ecirc;m của  trẻ đều &iacute;t. Em b&eacute; chống lại giấc ngủ do qu&aacute; say m&ecirc; với những kh&aacute;m ph&aacute;  mới lạ. V&igrave; vậy, người mẹ phải uốn nắm để con dễ ngủ.</p>\r\n<p align=\"left\">Khoảng 1-2 tuổi trở l&ecirc;n, do gi&aacute;c quan ph&aacute;t triển, trẻ  nhận thức được x&atilde; hội v&agrave; vũ trụ xung quanh, thấy m&igrave;nh lớn v&agrave; độc lập,  muốn t&aacute;ch khỏi mẹ nhưng kh&ocirc;ng xa mẹ. Trẻ biết đi, biết nghịch, muốn kh&aacute;m  ph&aacute; thế giới xung quanh. Người mẹ thấy con &quot;v&ocirc; kỷ luật&quot; qu&aacute; th&igrave; vừa  mừng vừa lo con bị tai nạn, muốn đưa b&eacute; v&agrave;o khu&ocirc;n ph&eacute;p. V&igrave; vậy, về t&acirc;m  l&yacute;, mẹ con kh&ocirc;ng dễ hiểu nhau.</p>\r\n<p align=\"left\"><strong>Từ 2 tuổi trở l&ecirc;n, trẻ biết sợ</strong>. Thần  kinh đ&atilde; ph&aacute;t triển, c&aacute; t&iacute;nh đ&atilde; h&igrave;nh th&agrave;nh, đ&atilde; c&oacute; những kh&aacute;m ph&aacute; về thế  giới xung quanh n&ecirc;n trẻ thấy m&igrave;nh qu&aacute; nhỏ b&eacute; so với kh&ocirc;ng gian m&ecirc;nh m&ocirc;ng  xung quanh. Đầu ti&ecirc;n, b&eacute; cảm thấy sợ h&atilde;i v&ocirc; cớ, sau đ&oacute; l&agrave; sợ mất mẹ, xa  mẹ, sợ kh&ocirc;ng c&ograve;n ai để nương tựa (kh&aacute;c với l&uacute;c 1 tuổi l&agrave; h&ograve;a m&igrave;nh với  mẹ). Nỗi lo sợ n&agrave;y chẳng kh&aacute;c g&igrave; cảm gi&aacute;c khi ra nước ngo&agrave;i, ng&ocirc;n ngữ  kh&ocirc;ng biết, tiền cũng kh&ocirc;ng m&agrave; người phi&ecirc;n dịch lại đi đ&acirc;u mất. Đ&acirc;y cũng  l&agrave; l&uacute;c trẻ được chuyển từ n&ocirc;i sang giường. Nếu giường qu&aacute; to, trống  trải, y&ecirc;n lặng v&agrave; tối, nỗi khiếp sợ c&agrave;ng tăng. V&igrave; vậy, cha mẹ n&ecirc;n ở c&ugrave;ng  con khi con c&ograve;n thức, v&agrave; đến ngay khi b&eacute; vừa tỉnh dậy. Xung quanh  giường, tường nh&agrave; n&ecirc;n treo v&agrave; b&agrave;y nhiều thứ (đồ chơi, b&uacute;p b&ecirc;...) để tăng  sự ấm c&uacute;ng, giảm nỗi lo sợ tự nhi&ecirc;n của trẻ.</p>\r\n<p align=\"right\">(Theo&nbsp;<em>Sức Khỏe &amp; Đời Sống</em>)</p>\r\n</div>\r\n<p>&nbsp;</p>\r\n<p><span class=\"article_separator\"><br />\r\n</span></p>', null, null, 'Khoa học đã ghi nhận được những biến đổi về tâm sinh lý của trẻ ngay từ khi còn là bào thai. Từ tháng thứ 7, cơ quan thính giác bắt đầu hoạt động. Thai sống với một nền âm thanh khoảng 90 dB trong bụng mẹ, quen với tiếng mẹ và bố ở ngoài.còn là bào thai');
INSERT INTO `news_lang` VALUES ('72', '1', 'Smart consumer', '<p>No content</p>', null, null, 'Smart consumer');
INSERT INTO `news_lang` VALUES ('72', '2', 'Tiêu dùng thông minh ', '<p>Trong  x&atilde; hội hiện đại, ai cũng phải mua sắm, ai cũng l&agrave; một người ti&ecirc;u d&ugrave;ng  v&agrave; kh&ocirc;ng ai d&aacute;m chắc rằng, m&igrave;nh đ&atilde; ti&ecirc;u d&ugrave;ng một c&aacute;ch th&ocirc;ng minh.</p>\r\n<p>Kể từ ng&agrave;y 15/12/2008, hơn 80 triệu người ti&ecirc;u d&ugrave;ng Việt Nam sẽ c&oacute;  th&ecirc;m một k&ecirc;nh th&ocirc;ng tin tham khảo Hiệu quả, Hữu &iacute;ch, Ch&acirc;n thực v&agrave; Sinh  động về Thị trường ti&ecirc;u d&ugrave;ng. Đ&oacute; l&agrave; chương tr&igrave;nh truyền h&igrave;nh&nbsp;<strong><em>Ti&ecirc;u d&ugrave;ng th&ocirc;ng minh </em></strong>của Đ&agrave;i Truyền h&igrave;nh Việt Nam.</p>\r\n<p>Ph&aacute;t s&oacute;ng v&agrave;o 18h30 ph&uacute;t h&agrave;ng ng&agrave;y tr&ecirc;n k&ecirc;nh VTV1,&nbsp;<strong><em>Ti&ecirc;u d&ugrave;ng th&ocirc;ng minh </em></strong>l&agrave;  một chương tr&igrave;nh th&ocirc;ng tin thị trường v&agrave; tư vấn ti&ecirc;u d&ugrave;ng, hướng tới  đ&ocirc;ng đảo người ti&ecirc;u d&ugrave;ng Việt Nam, vừa thiết thực v&agrave; gần gũi với kh&aacute;n  giả, vừa c&oacute; t&aacute;c dụng tạo ảnh hưởng t&iacute;ch cực tới văn h&oacute;a ti&ecirc;u d&ugrave;ng v&agrave;  phong c&aacute;ch sống của người d&acirc;n Việt Nam.Với chương tr&igrave;nh<strong><em>Ti&ecirc;u d&ugrave;ng th&ocirc;ng minh,</em></strong>  Ban Thời sự - Đ&agrave;i Truyền h&igrave;nh Việt Nam x&acirc;y dựng một chuy&ecirc;n mục tiếp  nhận trực tiếp v&agrave; phản &aacute;nh &yacute; kiến của người ti&ecirc;u d&ugrave;ng, bảo vệ quyền lợi  người ti&ecirc;u d&ugrave;ng, tạo n&ecirc;n cầu nối hiệu quả để c&aacute;c doanh nghiệp v&agrave; nh&agrave;  quản l&yacute; đ&aacute;p ứng tốt hơn nhu cầu của thị trường.</p>\r\n<p>Chương tr&igrave;nh cập nhật những th&ocirc;ng tin n&oacute;ng về h&agrave;ng h&oacute;a, dịch vụ v&agrave;  c&aacute;c nh&agrave; cung cấp, đồng thời hướng dẫn c&aacute;ch chi ti&ecirc;u hợp l&yacute;, hiệu quả v&agrave;  tiết kiệm đối với c&aacute;c gia đ&igrave;nh. L&agrave; sản phẩm của Ban Thời sự - Đ&agrave;i Truyền  h&igrave;nh Việt Nam,&nbsp;<strong><em>Ti&ecirc;u d&ugrave;ng th&ocirc;ng minh </em></strong>hướng tới  mục ti&ecirc;u th&ocirc;ng tin v&agrave; tư vấn kh&aacute;ch quan, tin cậy, nghi&ecirc;m t&uacute;c của mỗi  người ti&ecirc;u d&ugrave;ng, mỗi doanh nghiệp. L&agrave; một th&agrave;nh phần trong chuỗi chương  tr&igrave;nh&nbsp;<strong>Cuộc sống thường ng&agrave;y</strong>,&nbsp;<strong><em>Ti&ecirc;u d&ugrave;ng th&ocirc;ng minh </em></strong>c&oacute; c&aacute;ch tiếp cận v&agrave; thể hiện hết sức gần gũi với đời sống.</p>\r\n<p>H&agrave;ng ng&agrave;y&nbsp;<strong><em>Ti&ecirc;u d&ugrave;ng th&ocirc;ng minh</em></strong> đưa tới cho kh&aacute;n giả:</p>\r\n<p>-&nbsp;&nbsp;&nbsp;&nbsp;&nbsp;&nbsp;&nbsp;<strong>Th&ocirc;ng tin thị trường</strong>: Phần tin vắn đề cập  đến tất cả những th&ocirc;ng tin m&agrave; người ti&ecirc;u d&ugrave;ng Việt Nam quan t&acirc;m như thay  đổi gi&aacute; cả, cung cầu, nh&agrave; ph&acirc;n phối, thay đổi trong ch&iacute;nh s&aacute;ch của  Ch&iacute;nh phủ, thay đổi của thị trường thế giới c&oacute; ảnh hưởng tới Việt Nam</p>\r\n<p>-&nbsp;&nbsp;&nbsp;&nbsp;&nbsp;&nbsp;&nbsp;<strong>Chuyển động thị trường</strong>: Ph&oacute;ng sự phản &aacute;nh những diễn biến s&ocirc;i động của thị trường h&agrave;ng ti&ecirc;u d&ugrave;ng Việt Nam</p>\r\n<p>-&nbsp;&nbsp;&nbsp;&nbsp;&nbsp;&nbsp;&nbsp;<strong>Phản hồi thị trường</strong>: &Yacute; kiến, thắc mắc, kiến  nghị của người ti&ecirc;u d&ugrave;ng đối với một sản phẩm/dịch vụ cụ thể v&agrave; giải đ&aacute;p  của doanh nghiệp, cơ quan quản l&yacute;.</p>\r\n<p>Về h&igrave;nh thức thể hiện, đ&acirc;y cũng l&agrave; lần đầu ti&ecirc;n Đ&agrave;i Truyền h&igrave;nh Việt  Nam, kết hợp với C&ocirc;ng ty Truyền th&ocirc;ng MediaOne, sử dụng c&ocirc;ng nghệ xử l&yacute;  h&igrave;nh ảnh theo khu&ocirc;n h&igrave;nh tỷ lệ 16:9 thay v&igrave; khu&ocirc;n h&igrave;nh 3:4 truyền thống.  Khu&ocirc;n h&igrave;nh 16/9 gi&uacute;p kh&aacute;n giả theo d&otilde;i th&ocirc;ng tin dạng chữ chạy tr&ecirc;n m&agrave;n  h&igrave;nh rất thuận tiện với cả TV truyền thống v&agrave; TV LCD, plasma hiện đại,  m&agrave; kh&ocirc;ng che khuất hay b&oacute;p m&eacute;o bất kỳ phần h&igrave;nh ảnh n&agrave;o của chương  tr&igrave;nh.</p>\r\n<p>Kh&ocirc;ng chỉ đến với kh&aacute;n giả v&agrave;o 18h30 h&agrave;ng ng&agrave;y tr&ecirc;n s&oacute;ng VTV1,&nbsp;<strong><em>Ti&ecirc;u d&ugrave;ng th&ocirc;ng minh </em></strong>c&ograve;n cung cấp th&ocirc;ng tin chi tiết v&agrave; tiếp nhận &yacute; kiến kh&aacute;n giả qua website<a href=\"http://www.tieudungthongminh.vn/\">www.tieudungthongminh.vn</a> v&agrave; địa chỉ email&nbsp;  <a href=\"mailto:tieudungthongminh@mediaone.vn\">tieudungthongminh@mediaone.vn</a> .</p>\r\n<p>&quot;<em>Người ti&ecirc;u d&ugrave;ng sẽ l&agrave; trung t&acirc;m của chương tr&igrave;nh. Ch&uacute;ng t&ocirc;i  kh&ocirc;ng chỉ hướng tới cung cấp th&ocirc;ng tin để người ti&ecirc;u d&ugrave;ng Việt Nam hiểu  r&otilde; hơn thị trường v&agrave; h&agrave;ng h&oacute;a, dịch vụ, từ đ&oacute; c&oacute; những quyết định ti&ecirc;u  d&ugrave;ng ch&iacute;nh x&aacute;c,&nbsp;&nbsp;m&agrave; chương tr&igrave;nh c&ograve;n bảo vệ những quyền lợi ch&iacute;nh đ&aacute;ng  của người ti&ecirc;u d&ugrave;ng, th&uacute;c đẩy việc h&igrave;nh th&agrave;nh một văn h&oacute;a ti&ecirc;u d&ugrave;ng ph&ugrave;  hợp với người Việt Nam,&nbsp;&nbsp;tạo dựng th&oacute;i quen ti&ecirc;u d&ugrave;ng tiết kiệm, l&agrave;nh  mạnh.</em>&quot; -&nbsp;&nbsp;&Ocirc;ng Nguyễn Quang Thắng, Quyền Trưởng Ban Thời sự Đ&agrave;i Truyền h&igrave;nh Việt Nam cho biết.</p>\r\n<p>&quot;<strong><em>Ti&ecirc;u d&ugrave;ng th&ocirc;ng minh </em></strong><em> l&agrave; một chương  tr&igrave;nh c&oacute; t&iacute;nh tương t&aacute;c cao của Ban Thời sự, hướng tới người ti&ecirc;u d&ugrave;ng  Việt Nam, gi&uacute;p người ti&ecirc;u d&ugrave;ng v&agrave; doanh nghiệp x&iacute;ch lại gần nhau. Đ&oacute; l&agrave;  l&yacute; do ch&uacute;ng t&ocirc;i t&agrave;i trợ cho&nbsp;<strong>Ti&ecirc;u d&ugrave;ng th&ocirc;ng minh</strong>.&quot;</em>  - &Ocirc;ng Trần Phương B&igrave;nh, Tổng GĐ Ng&acirc;n h&agrave;ng Đ&ocirc;ng &Aacute;, đại diện c&aacute;c nh&agrave; t&agrave;i  trợ Ng&acirc;n h&agrave;ng Đ&ocirc;ng &Aacute; v&agrave; C&ocirc;ng ty V&agrave;ng bạc Đ&aacute; Qu&yacute; Ph&uacute; Nhuận (PNJ), khẳng  định.</p>\r\n<p>&nbsp;</p>\r\n<p>&nbsp;</p>\r\n<p><span class=\"article_separator\"><br />\r\n</span></p>', null, null, 'Về hình thức thể hiện, đây cũng là lần đầu tiên Đài Truyền hình Việt Nam, kết hợp với Công ty Truyền thông MediaOne');
INSERT INTO `news_lang` VALUES ('87', '1', 'No content', '<p>No cotent</p>', 'a', 'b', 'Baby');
INSERT INTO `news_lang` VALUES ('87', '2', 'Cách cho con bú ', '<div>\r\n<div class=\"contentpaneopen\">\r\n<div class=\"article-content\"><strong><em>Cho con b&uacute; như thế n&agrave;o đ&uacute;ng tư thế, b&uacute; bao nhi&ecirc;u l&agrave; đủ,  l&agrave;m thế n&agrave;o để đảm bảo nguồn sữa cung cấp cho con thật chất lượng v&igrave;  kh&ocirc;ng phải sữa b&agrave; mẹ n&agrave;o cũng tốt như nhau... l&agrave; những lo lắng của rất  nhiều b&agrave; mẹ hiện nay.</em></strong>\r\n<p>Trẻ sơ sinh cần thiết được nu&ocirc;i bằng sữa mẹ. Đ&acirc;y l&agrave; phương ph&aacute;p đơn  giản m&agrave; khoa học nhất để gi&uacute;p trẻ ph&aacute;t triển th&ocirc;ng minh v&agrave; khỏe mạnh,  bởi sữa mẹ c&oacute; đầy đủ c&aacute;c chất dinh dưỡng l&yacute; tưởng, dễ ti&ecirc;u h&oacute;a, dễ hấp  thu, ph&ugrave; hợp với b&eacute;. Sữa mẹ c&ograve;n cung cấp c&aacute;c kh&aacute;ng thể chống lại vi  tr&ugrave;ng v&agrave; si&ecirc;u vi tr&ugrave;ng g&acirc;y bệnh.</p>\r\n<p>Chắc chắn b&agrave; mẹ n&agrave;o cũng biết sữa mẹ l&agrave; thức ăn tốt nhất cho trẻ,  nhưng kh&ocirc;ng phải ai cũng biết nu&ocirc;i con bằng sữa mẹ đ&uacute;ng c&aacute;ch, đặc biệt  l&agrave; chị em mới sinh con lần đầu.</p>\r\n<p>L&agrave;m sao để b&eacute; chịu b&uacute;; c&aacute;ch duy tr&igrave; nguồn sữa nếu mẹ phải đi l&agrave;m sớm?  Chế độ dinh dưỡng như thế n&agrave;o cho hợp l&yacute; để mẹ c&oacute; thể cung cấp cho con  một nguồn sữa chất lượng tuyệt vời, gi&uacute;p b&eacute; ph&aacute;t triển khỏe mạnh v&agrave;  th&ocirc;ng minh?</p>\r\n<p>Những thắc mắc, băn khoăn n&agrave;y sẽ được hai b&aacute;c sĩ của Bệnh viện Từ Dũ  l&agrave; Huỳnh Thị Thu Thủy, Ph&oacute; gi&aacute;m đốc v&agrave; L&ecirc; Thị Thu H&agrave;, Trưởng buồng kh&aacute;m  thai tư vấn.</p>\r\n<p style=\"text-align: right;\">Theo nguồn từ VnExpress.net</p>\r\n</div>\r\n&nbsp;</div>\r\n<span class=\"article_separator\">&nbsp;</span></div>', 'a', 'b', 'Trẻ sơ sinh cần thiết được nuôi bằng sữa mẹ. Đây là phương pháp đơn giản mà khoa học nhất để giúp trẻ phát triển thông minh và khỏe mạnh');
INSERT INTO `news_lang` VALUES ('82', '1', 'What do you know about children?', '<p>No cotent</p>', null, null, 'Children');
INSERT INTO `news_lang` VALUES ('75', '1', 'Gifts of life', '<p>No content</p>', 'No content', 'No content', 'Gifts');
INSERT INTO `news_lang` VALUES ('75', '2', 'Quà tặng đặc biệt – “Tháng 4 vàng” 2011 ', '<div class=\"mainbody-right\"><strong><span>Để tri &acirc;n với tất cả c&aacute;c kh&aacute;ch h&agrave;ng đ&atilde; sử dụng va quan t&acirc;m đến chăn, ga, gối, n&ecirc;m, th&ecirc;u cao cấp mang nhan hiệu BELLIZENO trong suốt thời gian qua. </span></strong>\r\n<div class=\"article-content\">\r\n<p>&nbsp;</p>\r\n<p><span><img style=\"width: 640px; height: 302px;\" alt=\"23\" src=\"http://bellizeno.com.vn/images/stories/tintuc/23.jpg\" /></span></p>\r\n<span>\r\n<p>&nbsp;</p>\r\n<p>&nbsp;</p>\r\n<p>&nbsp;</p>\r\n<p>&nbsp;</p>\r\n<p>&nbsp;</p>\r\n<p>&nbsp;</p>\r\n<p>&nbsp;</p>\r\n<p>&nbsp;</p>\r\n<p>&nbsp;</p>\r\n<p>&nbsp;</p>\r\n<p><strong><span>Tập đo&agrave;n Hiệp Hưng</span></strong><span> xin gửi đến kh&aacute;ch h&agrave;ng chương tr&igrave;nh.</span></p>\r\n<p><strong><em><span>&ldquo;Qu&agrave; tặng đặc biệt &ndash; th&aacute;ng 4 v&agrave;ng&rdquo;</span></em></strong></p>\r\n<p>&nbsp;</p>\r\n<p><span>Với 25 bộ d&agrave;nh tặng kh&aacute;ch h&agrave;ng. </span></p>\r\n<p><span>Chương tr&igrave;nh bắt đầu từ 08 giờ ng&agrave;y &frac14; đến 21 giờ ng&agrave;y 3/5/2011.</span></p>\r\n<p><span>Khi mua <strong>01 bộ chăn ga gối người lớn tặng</strong> <strong>01 bộ (01 vỏ chăn, 02 vỏ gối).</strong></span></p>\r\n<p><span>Do số lượng qu&agrave; tặng c&oacute; hạn chương tr&igrave;nh <strong>&ldquo;Qu&agrave; tặng đặc biệt &ndash; th&aacute;ng 4 v&agrave;ng&rdquo;</strong> ưu ti&ecirc;n cho những kh&aacute;ch h&agrave;ng đến trước </span></p>\r\n<p><strong><em><span>Xin ch&acirc;n th&agrave;nh cảm ơn qu&yacute; kh&aacute;ch h&agrave;ng!</span></em></strong></p>\r\n</span></div>\r\n<span class=\"article_separator\">&nbsp;</span></div>', 'không nội dung', 'không nội dung', 'Do số lượng quà tặng có hạn chương trình “Quà tặng đặc biệt – tháng 4 vàng” ưu tiên cho những khách hàng đến trước ');
INSERT INTO `news_lang` VALUES ('78', '1', 'No content', '<p>No content</p>', null, null, 'Perform');
INSERT INTO `news_lang` VALUES ('78', '2', ' Triển lãm Hà Thành xưa với Bellizeno ', '<div class=\"article-content\">\r\n<p><img height=\"115\" width=\"160\" src=\"http://bellizeno.com.vn/images/stories/tintuc/cauchuongdung.jpg\" alt=\"cauchuongdung\" style=\"float: left;\" />Ch&uacute;ng  ta đang nếm trải những thời khắc linh thi&ecirc;ng nhất của đất Thăng  Long  nhờ một phước duy&ecirc;n lớn lao ng&agrave;n năm mới c&oacute; một lần &ndash; 1000 năm  Thăng  Long &ndash; H&agrave; Nội. Hồn thi&ecirc;ng s&ocirc;ng n&uacute;i, đất nước vững bền qua h&agrave;ng  ng&agrave;n  năm. Hồn thi&ecirc;ng của h&agrave;ng ng&agrave;n những Liệt tổ, Liệt t&ocirc;ng cũng đang về  đ&acirc;y  chứng kiến gi&acirc;y ph&uacute;t lịch sử h&agrave;o h&ugrave;ng n&agrave;y.</p>\r\n<p>&ldquo;Dấu  xưa xe ngựa hồn thu thảo, th&agrave;nh cũ l&acirc;u đ&agrave;i b&oacute;ng tịch dương&rdquo; một  thủa  h&agrave;o hoa, mơ mộng của H&agrave; Th&agrave;nh y&ecirc;u dấu đ&atilde; hiện về qua bộ sưu tập  th&ecirc;u  tinh tế, gợi cảm với 20 t&aacute;c phẩm c&oacute; t&ecirc;n gọi: &ldquo;H&agrave; Th&agrave;nh xưa với   Bellizeno&rdquo; của Tập đo&agrave;n Hiệp Hưng để tỏ l&ograve;ng tri &acirc;n với mảnh đất ng&agrave;n   năm văn vật v&agrave; giới thiệu với bạn b&egrave; gần xa về một Thăng Long m&atilde;i trường   tồn từ ng&agrave;n năm trước v&agrave; m&atilde;i ng&agrave;n năm sau.</p>\r\n<p>Tập đo&agrave;n Hị&ecirc;p Hưng lấy kỷ niệm 90 năm ng&agrave;y sinh của cố họa sỹ lừng   danh, t&agrave;i hoa của Thăng Long &ndash; H&agrave; Nội l&agrave; B&ugrave;i Xu&acirc;n Ph&aacute;i để khai mạc buổi   triển l&atilde;m bộ sưu tập &ldquo;H&agrave; Th&agrave;nh xưa với Bellizeno&rdquo; cũng l&agrave; để tưởng nhớ   danh họa v&agrave; những t&aacute;c phẩm v&ocirc; gi&aacute; về H&agrave; Nội của &Ocirc;ng.</p>\r\n<p>Nh&acirc;n triển l&atilde;m n&agrave;y, Tập đo&agrave;n Hị&ecirc;p Hưng muốn lần nữa khẳng định đẳng   cấp thương hiệu BELLIZENO lu&ocirc;n gắn liền với n&eacute;t thanh lịch, sang trọng,   tinh tế của mảnh đất ng&agrave;n năm Thăng Long. Ch&uacute;ng t&ocirc;i xin ph&eacute;p được đấu   gi&aacute; to&agrave;n bộ sản phẩm trong cuộc triển l&atilde;m để d&agrave;nh tặng cho những phụ nữ   v&agrave; trẻ em ngh&egrave;o ở c&aacute;c v&ugrave;ng ngoại &ocirc; H&agrave; Nội.</p>\r\n<p>V&igrave; c&aacute;c t&aacute;c phẩm đều l&agrave; c&aacute;c  sản phẩm độc nhất n&ecirc;n sau khi đấu gi&aacute;,  Ban tổ chức xin đề t&ecirc;n những  kh&aacute;ch h&agrave;ng đấu gi&aacute; được tr&ecirc;n sản phẩm v&agrave;  treo ở Bảo t&agrave;ng Phụ Nữ trong  một th&aacute;ng để du kh&aacute;ch tham quan chi&ecirc;m  ngưỡng. Rất mong nhận được sự hoan  hỉ v&agrave; ủng hộ của Qu&iacute; vị.</p>\r\n<p>Triển l&atilde;m được bắt đầu từ ng&agrave;y 04 đến ng&agrave;y 10 th&aacute;ng 10 năm 2010.</p>\r\n<p>Lễ khai mạc diễn ra l&uacute;c 18h ng&agrave;y 04 th&aacute;ng 10 năm 2010</p>\r\n<p>Địa điểm: Nh&agrave; triển l&atilde;m Mỹ thuật - Số 93 Đinh Ti&ecirc;n Ho&agrave;ng &ndash; H&agrave; Nội.</p>\r\n<p>Giờ mở cửa từ 9h00 &ndash; 19h00 h&agrave;ng ng&agrave;y.</p>\r\n<p>Mọi th&ocirc;ng tin về triển l&atilde;m &ldquo;H&agrave; Th&agrave;nh xưa với Bellizeno&rdquo; xin li&ecirc;n hệ theo số:</p>\r\n<ul>\r\n    <li>Chị Hạnh: <span class=\"skype_pnh_container\" dir=\"ltr\" tabindex=\"-1\">&nbsp;<span class=\"skype_pnh_highlighting_inactive_common\" title=\"Call this phone number in Vietnam with Skype: +84986568698\" dir=\"ltr\"><span class=\"skype_pnh_left_span\">&nbsp;&nbsp;</span><span class=\"skype_pnh_dropart_span\" title=\"Skype actions\"><span class=\"skype_pnh_dropart_flag_span\" style=\"background-position: -6057px 1px ! important;\">&nbsp;&nbsp;&nbsp;&nbsp;&nbsp;&nbsp;</span>&nbsp;&nbsp;&nbsp;</span><span class=\"skype_pnh_textarea_span\"><span class=\"skype_pnh_text_span\">0986 56 86 98</span></span><span class=\"skype_pnh_right_span\">&nbsp;&nbsp;&nbsp;&nbsp;&nbsp;</span></span>&nbsp;</span></li>\r\n    <li>Hotline: <span class=\"skype_pnh_container\" dir=\"ltr\" tabindex=\"-1\">&nbsp;<span class=\"skype_pnh_highlighting_inactive_common\" title=\"Call this phone number in Vietnam with Skype: +84485865555\" dir=\"ltr\"><span class=\"skype_pnh_left_span\">&nbsp;&nbsp;</span><span class=\"skype_pnh_dropart_span\" title=\"Skype actions\"><span class=\"skype_pnh_dropart_flag_span\" style=\"background-position: -6057px 1px ! important;\">&nbsp;&nbsp;&nbsp;&nbsp;&nbsp;&nbsp;</span>&nbsp;&nbsp;&nbsp;</span><span class=\"skype_pnh_textarea_span\"><span class=\"skype_pnh_text_span\">04 85 86 5555</span></span><span class=\"skype_pnh_right_span\">&nbsp;&nbsp;&nbsp;&nbsp;&nbsp;</span></span>&nbsp;</span></li>\r\n    <li>Hoặc truy cập website: bellizeno.com</li>\r\n</ul>\r\n</div>', null, null, 'Vì các tác phẩm đều là các sản phẩm độc nhất nên sau khi đấu giá, Ban tổ chức xin đề tên những khách hàng đấu giá được trên sản phẩm và treo ở Bảo tàng Phụ Nữ trong một tháng để du khách tham quan chiêm ngưỡng.');
INSERT INTO `news_lang` VALUES ('86', '1', 'Store Company', '<p>No content</p>', 'store', 'store', 'Store Company');
INSERT INTO `news_lang` VALUES ('86', '2', 'Gian hàng Tập Đoàn Hiệp Hưng tại hội chợ Expo2007 ', '<div class=\"contentpaneopen\">\r\n<h2 class=\"contentheading\">Gian h&agrave;ng Tập Đo&agrave;n Hiệp Hưng hội chợ Expo2007</h2>\r\n<div class=\"article-content\">\r\n<p>&nbsp;</p>\r\n<p style=\"text-align: center;\"><img height=\"350\" width=\"500\" alt=\"2008_4_10\" src=\"http://bellizeno.com.vn/images/stories/tintuc/2008_4_10.jpg\" /></p>\r\n</div>\r\n</div>', 'gian hàng', 'gian hàng', 'Gian hàng Tập Đoàn Hiệp Hưng hội chợ Expo2007');
INSERT INTO `news_lang` VALUES ('89', '1', 'How to pay', '<p>No content</p>', null, null, 'Payment');
INSERT INTO `news_lang` VALUES ('89', '2', '  Hướng dẫn thanh toán', '<p>&nbsp; Hướng dẫn thanh to&aacute;n<br />\r\n<br />\r\n&nbsp;<br />\r\n<br />\r\n<br />\r\nKhi qu&yacute; kh&aacute;ch mua h&agrave;ng của Hiệp Hưng group, qu&yacute; kh&aacute;ch c&oacute; thể thanh to&aacute;n bằng c&aacute;c h&igrave;nh thức thanh to&aacute;n như sau:<br />\r\n<br />\r\n1. Thanh to&aacute;n bằng tiền mặt<br />\r\n<br />\r\nA.&nbsp; Thanh to&aacute;n tại c&aacute;c Showroom của c&ocirc;ng ty<br />\r\n<br />\r\nQu&yacute; kh&aacute;ch thanh to&aacute;n trực tiếp tại c&aacute;c Showroom của Hiệp Hưng group.<br />\r\n<br />\r\nShowroom 1: Địa chỉ: 130 D Thuỵ Khu&ecirc; - Q.T&acirc;y Hồ- H&agrave; Nội<br />\r\n<br />\r\nĐiện thoại: 04 - 37282056 / 04 - 85865555<br />\r\n<br />\r\nFAX: 04 -37281634.<br />\r\n<br />\r\nShowroom 2: Địa chỉ: 43 L&yacute; Quốc Sư - Ho&agrave;n Kiếm - H&agrave; Nội<br />\r\n<br />\r\nĐiện thoại: 04 - 38251343.<br />\r\n<br />\r\n- Ngay khi qu&yacute; kh&aacute;ch thanh to&aacute;n xong, nh&acirc;n vi&ecirc;n kế to&aacute;n sẽ gửi lại qu&yacute; kh&aacute;ch HĐTC v&agrave; nh&acirc;n vi&ecirc;n kinh doanh sẽ hướng dẫn qu&yacute; kh&aacute;ch h&igrave;nh thức giao nhận h&agrave;ng.<br />\r\n<br />\r\nB. Thanh to&aacute;n tại điểm giao h&agrave;ng.<br />\r\n<br />\r\n- Qu&yacute; kh&aacute;ch thanh to&aacute;n cho nh&acirc;n vi&ecirc;n giao nhận to&agrave;n bộ hoặc một phần (nếu đ&atilde; đặt cọc) gi&aacute; trị h&agrave;ng h&oacute;a đ&atilde; mua.<br />\r\n<br />\r\n- H&igrave;nh thức thanh to&aacute;n n&agrave;y chỉ thực hiện với c&aacute;c đơn h&agrave;ng c&oacute; địa chỉ giao h&agrave;ng tại nội th&agrave;nh th&agrave;nh phố H&agrave; Nội.<br />\r\n<br />\r\n- Nếu địa điểm giao h&agrave;ng ngay tại nơi thanh to&aacute;n, nh&acirc;n vi&ecirc;n giao h&agrave;ng của ch&uacute;ng t&ocirc;i sẽ thu tiền khi giao h&agrave;ng.<br />\r\n<br />\r\n2. Thanh to&aacute;n bằng Onepay<br />\r\n<br />\r\n- Nếu địa điểm giao h&agrave;ng l&agrave; Ngoại th&agrave;nh, Ngoại tỉnh hoặc Nội th&agrave;nh th&agrave;nh phố H&agrave; Nội nhưng kh&aacute;c với địa điểm thanh to&aacute;n (trong trường hợp Qu&yacute; kh&aacute;ch gửi qu&agrave;, gửi h&agrave;ng cho bạn b&egrave;, đối t&aacute;c ...) ch&uacute;ng t&ocirc;i sẽ thu tiền trước 100% gi&aacute; trị h&agrave;ng + ph&iacute; vận chuyển.<br />\r\n<br />\r\nQu&yacute; kh&aacute;ch xem phần hướng dẫn thanh to&aacute;n Onepay b&ecirc;n dưới.<br />\r\n<br />\r\nGhi ch&uacute;: Để h&agrave;ng h&oacute;a v&agrave; gi&aacute; cả được ch&iacute;nh x&aacute;c, ngay sau khi qu&yacute; kh&aacute;ch chuyển tiền xin vui l&ograve;ng fax giấy ủy nhiệm chi c&oacute; dấu ng&acirc;n h&agrave;ng chuyển tiền để nh&acirc;n vi&ecirc;n kinh doanh l&agrave;m căn cứ giữ h&agrave;ng v&agrave; gi&aacute; tiền theo đ&uacute;ng thỏa thuận cho qu&yacute; kh&aacute;ch.<br />\r\n<br />\r\n3. C&aacute;c h&igrave;nh thức kh&aacute;c<br />\r\n<br />\r\nCh&uacute;ng t&ocirc;i đang tiến h&agrave;ng đ&agrave;m ph&aacute;n, hợp t&aacute;c với c&aacute;c đối t&aacute;c để đưa v&agrave;o sử dụng một h&igrave;nh thức thanh to&aacute;n mới, bảo mật, tiện lợi hơn cho qu&yacute; kh&aacute;ch h&agrave;ng v&agrave; sẽ đưa v&agrave;o sử dụng trong thời gian tới.<br />\r\n<br />\r\nMọi chi tiết xin li&ecirc;n hệ:<br />\r\n<br />\r\nHiệp Hưng group<br />\r\n<br />\r\nPh&ograve;ng Kinh doanh Online<br />\r\n<br />\r\nShowroom 1: Địa chỉ: 130 D Thuỵ Khu&ecirc; - Q.T&acirc;y Hồ- H&agrave; Nội<br />\r\n<br />\r\nĐiện thoại: 04 - 37282056 / 04 - 85865555<br />\r\n<br />\r\nFAX: 04 -37281634.<br />\r\n<br />\r\nWebsite: bellizeno.com.vn<br />\r\n<br />\r\nHiệp Hưng Group rất h&acirc;n hạnh được phục vụ qu&yacute; kh&aacute;ch !</p>', null, null, 'Chúng tôi đang tiến hàng đàm phán, hợp tác với các đối tác để đưa vào sử dụng một hình thức thanh toán mới, bảo mật, tiện lợi hơn cho quý khách hàng và sẽ đưa vào sử dụng trong thời gian tới.\r\n');
INSERT INTO `news_lang` VALUES ('90', '1', 'Answer', '<p>Wedding season</p>', null, null, 'Wedding season');
INSERT INTO `news_lang` VALUES ('90', '2', 'Chuyên gia trả lời ', '<div class=\"mainbody-right\">\r\n<h2 class=\"contentheading\">&nbsp;</h2>\r\n<div class=\"article-content\">\r\n<p><img height=\"120\" width=\"160\" src=\"http://www.bellizeno.com.vn/images/stories/tintuc/doanthihuuunghi.jpg\" alt=\"doanthihuuunghi\" style=\"float: left;\" />M&ugrave;a  cưới đ&atilde; bắt đầu,  c&aacute;c đ&ocirc;i uy&ecirc;n ương đang t&iacute;u t&iacute;t chuẩn bị mua sắm cho  tổ ấm của m&igrave;nh, đặc  biệt l&agrave; ph&ograve;ng t&acirc;n h&ocirc;n. L&agrave;m thế n&agrave;o để chọn một bộ  chăn ga gối thật đẹp  v&agrave; l&atilde;ng mạn? L&agrave;m thế n&agrave;o để giữ được những họa  tiết th&ecirc;u tr&ecirc;n chăn ga  gối lu&ocirc;n như mới?... Ch&uacute;ng t&ocirc;i đặc biệt d&agrave;nh  ri&ecirc;ng chuy&ecirc;n mục n&agrave;y để trả  lời thắc mắc của c&aacute;c đ&ocirc;i bạn trẻ về c&aacute;ch  lựa chọn, sử dụng v&agrave; bảo quản  chăn ga gối.</p>\r\n<p>Q. T&ocirc;i rất th&iacute;ch bộ chăn ga gối được trang tr&iacute;  bằng c&aacute;c họa tiết  th&ecirc;u mềm mại. Qua t&igrave;m hiểu, t&ocirc;i cũng được biết, những  họa tiết th&ecirc;u n&agrave;y  c&oacute; thể l&agrave; th&ecirc;u m&aacute;y, c&oacute; thể l&agrave; th&ecirc;u tay. Xin cho biết,  sự kh&aacute;c nhau về  chất lượng v&agrave; yếu tố thẩm mỹ của hai loại th&ecirc;u m&aacute;y v&agrave;  th&ecirc;u tay thủ c&ocirc;ng  tr&ecirc;n chăn ga gối? <br />\r\n(Thu Nga, Bắc Linh Đ&agrave;m, H&agrave; Nội)</p>\r\n<p>A.  Kh&aacute;c với c&aacute;c sản phẩm chăn ga gối in th&ocirc;ng thường, những đường  n&eacute;t th&ecirc;u  mềm mại, tinh tế v&agrave; độc đ&aacute;o lu&ocirc;n mang đến những cảm x&uacute;c tinh  tế, l&atilde;ng  mạn bởi n&oacute; l&agrave; sự kết tinh giữa &yacute; tưởng s&aacute;ng tạo của c&aacute;c nh&agrave;  thiết kế với  đ&ocirc;i b&agrave;n tay t&agrave;i hoa của người thợ th&ecirc;u. Phần lớn c&aacute;c mẫu  th&ecirc;u n&agrave;y l&agrave; sự  kết hợp nhuần nhuyễn v&agrave; chắt lọc những n&eacute;t đẹp văn h&oacute;a  d&acirc;n gian v&agrave; hiện  đại. Với c&aacute;c sản phẩm chăn ga gối th&ecirc;u tay, đường n&eacute;t  hoa văn của thi&ecirc;n  nhi&ecirc;n sống động v&agrave; uyển chuyển hơn. Những sản phẩm  th&ecirc;u m&aacute;y lại hiện  đại hơn, thể hiện phần n&agrave;o cuộc sống s&ocirc;i động với  những đường n&eacute;t ẩn  chứa. Cả hai c&aacute;ch th&ecirc;u n&agrave;y đều c&oacute; chất lượng tốt như  nhau.</p>\r\n<p>Q.  Những đường trang tr&iacute; bằng chỉ th&ecirc;u tr&ecirc;n chăn ga gối c&oacute; bền m&agrave;u  bằng c&aacute;c  loại kh&aacute;c kh&ocirc;ng? C&oacute; loại chỉ th&ecirc;u ri&ecirc;ng n&agrave;o d&agrave;nh cho chăn ga  gối kh&ocirc;ng?  Liệu sau qu&aacute; tr&igrave;nh sử dụng, những đường th&ecirc;u n&agrave;y c&oacute; bị sờn  hay đứt chỉ  kh&ocirc;ng?</p>\r\n<p>(Trần Thị Thu, H&agrave; Đ&ocirc;ng, H&agrave; Nội)</p>\r\n<p>A.Chỉ th&ecirc;u d&ugrave;ng cho chăn  ga gối đều được lựa chọn từ những loạI chỉ  tốt nhất, vừa đảm bảo yếu tố  thẩm mỹ, vừa đảm bảo ph&ugrave; hợp v&agrave; bền cho  chăn ga gối. Do đ&oacute;, d&ugrave; th&ecirc;u tr&ecirc;n  chất liệu g&igrave; th&igrave; c&aacute;c đường n&eacute;t n&agrave;y vẫn  giữ được độ bền m&agrave;u như nhau.  Với từng kiểu th&ecirc;u tay hay th&ecirc;u m&aacute;y,  người ta cũng c&oacute; những loại chỉ  th&ecirc;u ri&ecirc;ng cho ph&ugrave; hợp. Với c&aacute;c sản  phẩm th&ecirc;u m&aacute;y, l&yacute; tưởng nhất l&agrave; d&ugrave;ng  loại chỉ tơ b&oacute;ng của Nhật Bản.  Loại chỉ n&agrave;y c&oacute; ưu điểm l&agrave; kh&ocirc;ng bị phai  m&agrave;u v&agrave; bị sơ hay sờn. C&ograve;n đối  với h&agrave;ng chăn ga gối th&ecirc;u tay, người ta  sử dụng một loại chỉ đặc chủng  ri&ecirc;ng, đ&oacute; l&agrave; chỉ tơ b&oacute;ng l&agrave;m từ thi&ecirc;n  nhi&ecirc;n. SợI chỉ n&agrave;y rất săn v&agrave; bền  m&agrave;u, kh&ocirc;ng sợ bị bạc hay phai m&agrave;u  trong qu&aacute; tr&igrave;nh sử dụng. Bạn c&oacute; thể  tham khảo sản phẩm của Bellizeno  được sản xuất tr&ecirc;n d&acirc;y chuyền c&ocirc;ng  nghệ Nhật Bản v&agrave; sử dụng nguy&ecirc;n liệu  tốt nhất, vải 100% cotton vi sinh,  sợi chỉ th&ecirc;u theo ti&ecirc;u chuẩn cho từng  loại h&agrave;ng th&ecirc;u, m&agrave;u sắc v&agrave; chất  lượng đạt ti&ecirc;u chuẩn quốc tế v&agrave; an to&agrave;n  với m&ocirc;i trường.</p>\r\n<p>Q.T&ocirc;i được người bạn tặng một bộ chăn ga gối  th&ecirc;u rất đẹp, nhưng t&ocirc;i  đang băn khoăn kh&ocirc;ng biết l&agrave;m sạch ch&uacute;ng bằng  c&aacute;ch n&agrave;o để giữ c&aacute;c  đường th&ecirc;u lu&ocirc;n như mới. Nếu bắt buộc phải giặt kh&ocirc;  th&igrave; tốn k&eacute;m qu&aacute;, c&oacute;  thể giặt ch&uacute;ng bằng m&aacute;y giặt kh&ocirc;ng, rồi vắt thế n&agrave;o  để kh&ocirc;ng l&agrave;m hỏng  những họa tiết th&ecirc;u tr&ecirc;n vải?</p>\r\n<p>(Thu Liễu, Khu tập  thể Văn c&ocirc;ng Qu&acirc;n đội, Mai Dịch, H&agrave; Nội)</p>\r\n<p>A.Một bộ chăn ga gối  th&ecirc;u, c&aacute;c đường n&eacute;t hoa văn đều rất nhỏ v&agrave; tinh  xảo, rất dễ bị mất d&aacute;ng  n&ecirc;n kh&aacute; k&eacute;n chọn trong việc l&agrave;m sạch. Tuy  nhi&ecirc;n, với d&ograve;ng sản phẩm th&ecirc;u  Bellizeno, để c&oacute; thể giữ những đường th&ecirc;u  được bền m&agrave;u v&agrave; kiểu d&aacute;ng, hoạ  tiết th&ecirc;u lu&ocirc;n được phẳng phiu, mịn  m&agrave;ng bạn c&oacute; thể ho&agrave;n to&agrave;n y&ecirc;n t&acirc;m  nếu bạn thực hiện đ&uacute;ng c&aacute;ch giặt m&agrave;  Bellizeno tư vấn cho bạn: trước khi  cho v&agrave;o m&aacute;y giặt, bạn h&atilde;y ng&acirc;m cả  bộ chăn ga gối Bellizeno v&agrave;o nước x&agrave;  ph&ograve;ng ấm (khoảng 30 &ndash; 40&deg;C) đ&atilde; pha  lo&atilde;ng khoảng 15 ph&uacute;t, sau đ&oacute; cho v&agrave;o  m&aacute;y giặt v&agrave; để chế độ giặt xả  b&igrave;nh thường cho vải cotton. Sau khi giặt  xong, bạn h&atilde;y giũ phẳng v&agrave; kẹp  phơi căng hoặc bạn c&oacute; thể l&agrave;m kh&ocirc; ngay  tại m&aacute;y nhưng nhớ phải lấy ngay  ra v&agrave; giũ phẳng tr&aacute;nh để sản phẩm trong  m&aacute;y l&acirc;u sẽ l&agrave;m nhăn sản phẩm.</p>\r\n<p>Q.T&ocirc;i th&iacute;ch sử dụng chăn ga gối  được l&agrave;m từ vải cotton v&igrave; chất liệu  n&agrave;y vừa m&aacute;t, vừa tho&aacute;ng lại rất mềm  mại, nhưng mỗi lần giặt xong lại bị  nhăn rất nhiều. Xin cho t&ocirc;i lời  khuy&ecirc;n để khắc phục t&igrave;nh trạng n&agrave;y?</p>\r\n<p>(Thanh Hải, Khu tập thể 8-3,  Thanh Nh&agrave;n, H&agrave; Nội)</p>\r\n<p>A. Sử dụng chăn ga gối l&agrave;m từ vải cotton thường  xuy&ecirc;n bị nhăn sau  mỗi lần giặt l&agrave; điều kh&oacute; tr&aacute;nh khỏi. Tuy nhi&ecirc;n, với  c&aacute;c sản phẩm chăn  ga gối th&ecirc;u của Bellizeno bạn kh&ocirc;ng cần phải suy nghĩ  nhiều đến việc  giặt l&agrave;m sao, giặt như thế n&agrave;o bởi sản phẩm chăn ga gối  của Bellizeno  sử dụng chất liệu vải cotton vi sinh với mặt satanh lu&ocirc;n  b&oacute;ng mịn v&agrave;  chỉ số sợi cao. Với đặc điểm n&agrave;y sản phẩm của Bellizeno đ&atilde;  hạn chế được  tối đa nhược điểm n&agrave;y của chất liệu cotton. Ngo&agrave;i ra, bạn  cũng n&ecirc;n &aacute;p  dụng c&aacute;ch giặt Bellizeno tư vấn. C&aacute;ch l&agrave;m n&agrave;y gi&uacute;p sản phẩm  bớt bị nhăn  v&agrave; giữ được độ bền m&agrave;u.Q.Ph&ograve;ng ngủ của vợ chồng t&ocirc;i rất nhỏ,  nhiều  người khuy&ecirc;n n&ecirc;n chọn chăn ga gối m&agrave;u trắng để tạo cảm gi&aacute;c rộng  hơn  cho căn ph&ograve;ng. T&ocirc;i cũng rất th&iacute;ch m&agrave;u trắng, nhưng lại sợ m&agrave;u trắng  tạo  cảm gi&aacute;c lạnh lẽo cho kh&ocirc;ng gian, hơn nữa, m&agrave;u trắng rất dễ bẩn, v&agrave;   phải giặt thường xuy&ecirc;n. Việc giặt thường xuy&ecirc;n n&agrave;y c&oacute; hại g&igrave; cho chăn ga   gối kh&ocirc;ng v&agrave; nếu c&oacute; th&igrave; phải giặt thế n&agrave;o cho đ&uacute;ng c&aacute;ch?</p>\r\n<p>(Ngọc Mai,  Q.T&acirc;n B&igrave;nh, TP.HCM)</p>\r\n<p>A.Ph&ograve;ng ngủ nhỏ v&agrave; hẹp như gia đ&igrave;nh bạn th&igrave; đ&uacute;ng  l&agrave; bạn n&ecirc;n chọn  chăn ga gối c&oacute; m&agrave;u trắng hoặc tong m&agrave;u s&aacute;ng. Điều n&agrave;y  sẻ guips tạo cảm  gi&aacute;c rộng v&agrave; tho&aacute;ng hơn cho căn ph&ograve;ng. Tuy nhi&ecirc;n, c&aacute;c  bộ chăn gối m&agrave;u  trắng hay t&ocirc;ng m&agrave;u s&aacute;ng kh&ocirc;ng l&agrave;m cho căn ph&ograve;ng bạn lạnh  lẽo v&igrave; c&aacute;c sản  phẩm của Bellizeno của ch&uacute;ng t&ocirc;i lu&ocirc;n c&oacute; c&aacute;c họa tiết  th&ecirc;u, đề t&agrave;i với  những gam m&agrave;u ấm v&agrave; sang trọng lu&ocirc;n đua đến cho bạn  kh&ocirc;ng gian ấm c&uacute;ng  cho căn ph&ograve;ng. Đ&uacute;ng l&agrave; chăn ga gối gam m&agrave;u s&aacute;ng rất  nhanh bẩn, tuy  nhi&ecirc;n để đảm bảo vẹ sinh cho giấc ngủ v&agrave; phong ngủ th&igrave; d&ugrave;  l&agrave; gam m&agrave;u g&igrave;  bạn cũng n&ecirc;n giặt 1 tuần 1 lần v&agrave; giặt đ&uacute;ng c&aacute;ch bạn c&oacute;  thể bảo quản  được chăn ga gối của minh lu&ocirc;n s&aacute;ng mới. trước khi cho v&agrave;o  m&aacute;y giặt bạn  n&ecirc;n ng&acirc;m cả bộ chăn ga gối v&agrave;o nước x&agrave; ph&ograve;ng ấm lo&atilde;ng  khoảng 15 ph&uacute;t  b&ecirc;n ngo&agrave;i, sau đ&oacute; cho v&agrave;o m&aacute;y giặt v&agrave; để chế đọ giặt b&igrave;nh  thường cho  vải cotton. Sau khi vắt xong c&aacute;c bạn n&ecirc;n giũ ngay cho thật  phẳng v&agrave; kẹp  phơi căng. Như vậy, chăn ga gối v&ugrave;a sạch, phẳng m&agrave; lại giữ  được vải,  mặt th&ecirc;u lu&ocirc;n như mơi.<br />\r\n<br />\r\nQ.Giường ngủ của t&ocirc;i đ&oacute;ng bằng  gỗ m&agrave;u n&acirc;u  sẫm, nhưng sơn tường lại m&agrave;u xanh dương. T&ocirc;i n&ecirc;n chọn bộ chăn  ga gối  m&agrave;u g&igrave; cho ph&ugrave; hợp với m&agrave;u của giường ngủ v&agrave; sơn tường?</p>\r\n<p>(Tuấn  Kh&ocirc;i, Q.10, TP.HCM)</p>\r\n<p>A.Với tường m&agrave;u xanh dương v&agrave; giường ngủ m&agrave;u n&acirc;u  sẫm th&igrave; bạn n&ecirc;n  chọn bộ chăn ga gối m&agrave;u xanh c&ugrave;ng t&ocirc;ng m&agrave;u với sơn  tường. Ngo&agrave;i ra, bạn  cũng c&oacute; thể sử dụng m&agrave;u xanh ghi hoặc những m&agrave;u  s&aacute;ng như be hay n&acirc;u  c&ugrave;ng những họa tiết th&ecirc;u c&oacute; t&ocirc;ng m&agrave;u điều chỉnh theo  sắc độ của tường  v&agrave; giường. Bạn c&oacute; thể nhờ chuy&ecirc;n gia tư vấn của  Bellizeno, họ sẽ gi&uacute;p  bạn c&oacute; những thiết kế về họa tiết th&ecirc;u, m&agrave;u sắc  ph&ugrave; hợp theo từng t&ocirc;ng  m&agrave;u m&agrave; bạn y&ecirc;u cầu cũng như tư vấn cho bạn c&aacute;ch  lựa chọn những bộ chăn  ga gối ph&ugrave; hợp với thiết kế sẵn c&oacute; của kh&ocirc;ng gian  v&agrave; nội thất ph&ograve;ng  ngủ, mang đến kh&ocirc;ng gian ấm c&uacute;ng v&agrave; hạnh ph&uacute;c cho  ph&ograve;ng ngủ của bạn.</p>\r\n<div style=\"text-align: right;\">Bellizeno (B&aacute;o Kh&ocirc;ng gian sống, th&aacute;ng 9/2008)</div>\r\n</div>\r\n<span class=\"article_separator\">&nbsp;</span></div>', null, null, 'Làm thế nào để giữ được những họa tiết thêu trên chăn ga gối luôn như mới?... Chúng tôi đặc biệt dành riêng chuyên mục này để trả lời thắc mắc của các đôi bạn trẻ về cách lựa chọn, sử dụng và bảo quản chăn ga gối.');
INSERT INTO `news_lang` VALUES ('91', '1', 'Secret', '<p>No content</p>', null, null, 'happy together');
INSERT INTO `news_lang` VALUES ('91', '2', 'Bật mí “bí mật”…phòng ngủ( Kỳ 1) ', '<div class=\"mainbody-right\">\r\n<h2 class=\"contentheading\">&nbsp;</h2>\r\n<div class=\"article-content\">\r\n<p><img height=\"120\" width=\"160\" src=\"http://www.bellizeno.com.vn/images/stories/tintuc/bjmatphongngu.jpg\" alt=\"bjmatphongngu\" style=\"float: left;\" />Lu&ocirc;n  được thăng  hoa trong hạnh ph&uacute;c lứa đ&ocirc;i l&agrave; ước mơ của triệu triệu con  người. Nhưng  l&agrave;m sao để mở ra c&aacute;nh cửa hạnh ph&uacute;c ấy? V&agrave; chiếc ch&igrave;a kh&oacute;a  ch&iacute;nh l&agrave; căn  ph&ograve;ng ngủ của bạn.</p>\r\n<p>Theo c&aacute;c chuy&ecirc;n gia,  ph&ograve;ng ngủ đ&oacute;ng vai tr&ograve; rất quan trọng đối với  cuộc sống con người.  Trong cả một đời người c&oacute; đến 1/3 thời gian l&agrave; bạn  d&agrave;nh cho giấc ngủ.</p>\r\n<p>Một giấc ngủ ngon, &ecirc;m đềm sẽ đem lại cho bạn v&agrave; người th&acirc;n tinh thần   hoải m&aacute;i, sự lạc quan y&ecirc;u đời cũng như tiếp th&ecirc;m sinh lực để bạn bước   v&agrave;o ng&agrave;y mới. Song cuộc sống bận rộn v&agrave; một phần l&agrave; do th&oacute;i quen m&agrave; đa   số trong ch&uacute;ng ta chưa bao giờ để t&acirc;m đến việc l&agrave;m sao để c&oacute; một giấc   ngủ ngon v&agrave; s&acirc;u. V&agrave; để giải m&atilde; vấn đề n&agrave;y, trước ti&ecirc;n chuy&ecirc;n gia của   Bellizeno sẽ bật m&iacute; về những &ldquo;b&iacute; mật&rdquo; của ph&ograve;ng ngủ - đ&acirc;y l&agrave; một trong   những nh&acirc;n tố quan trọng để l&agrave;m n&ecirc;n một giấc ngủ ngon, s&acirc;u v&agrave; cũng l&agrave;   ch&igrave;a kho&aacute; đưa bạn đến với cuộc sống hạnh ph&uacute;c lứa đ&ocirc;i vi&ecirc;n m&atilde;n. Chị Đo&agrave;n   Thị Hữu Nghị - Tổng gi&aacute;m đốc Tập Đo&agrave;n Hiệp Hưng, C&ocirc;ng ty  chuy&ecirc;n sản  xuất v&agrave; ph&acirc;n phối c&aacute;c sản phẩm chăn, ga, gối cao cấp mang  thương hiệu  Bellizeno cho biết:</p>\r\n<p>Người Việt khi x&acirc;y nh&agrave; đa số thường c&oacute; t&acirc;m l&yacute; muốn mua sắm,  trang  ho&agrave;ng thật tốt cho ph&ograve;ng kh&aacute;ch &ndash; nơi thể hiện diện mạo, bộ mặt của  cả  gia đ&igrave;nh. Ch&iacute;nh sự chăm ch&uacute;t kỹ lưỡng ấy m&agrave; đ&ocirc;i khi họ đ&atilde; bỏ qua  ph&ograve;ng  ngủ - kh&ocirc;ng gian trong quan niệm của mọi ngườI chỉ đơn thuần l&agrave; để  đặt  lưng sau một ng&agrave;y l&agrave;m việc. V&igrave; vậy sự đơn xơ trong thiết kế, tốI  giản  trong việc mua sắm nội thất đặc biệt việc mua chăn &ndash;  ga &ndash; gối cũng bị  coi nhẹ đang l&agrave; thực trạng diễn ra tại nhiều gia đ&igrave;nh  Việt Nam kể cả  những gia đ&igrave;nh c&oacute; thu nhập cao. Điều n&agrave;y v&ocirc; t&igrave;nh bạn đ&atilde;  đ&aacute;nh mất đi  những ph&uacute;t gi&acirc;y thăng hoa của hạnh ph&uacute;c lứa đ&ocirc;i, bỏ qua  những giấc ngủ  an to&agrave;n, vệ sinh cho con em m&igrave;nh&hellip;</p>\r\n<p>Vậy l&agrave;m sao để mỗi ng&agrave;y tr&ocirc;i qua l&agrave; một ng&agrave;y thật &yacute; nghĩa trong  cuộc  đờI của mỗi người? Bạn h&atilde;y bắt đầu từ ch&iacute;nh căn ph&ograve;ng ngủ của bạn.</p>\r\n<p><strong>Lời khuy&ecirc;n cho sắp đặt ph&ograve;ng ngủ</strong></p>\r\n<ul>\r\n    <li>Kh&ocirc;ng n&ecirc;n đặt trực tiếp ph&ograve;ng ngủ ph&iacute;a tr&ecirc;n bếp,  garage hoặc toilet.</li>\r\n    <li>Cửa ph&ograve;ng ngủ kh&ocirc;ng n&ecirc;n đối diện với cầu thang,  toilet hoặc bếp.</li>\r\n    <li>Kh&ocirc;ng n&ecirc;n đặt bể c&aacute; hoặc những tranh phong cảnh  c&oacute; cảnh hồ ao, s&ocirc;ng ng&ograve;i trong ph&ograve;ng ngủ.</li>\r\n</ul>\r\n<p>V&igrave; những vật thể đ&oacute; sẽ khuấy động kh&ocirc;ng gian y&ecirc;n tĩnh mang t&iacute;nh  &ldquo;&acirc;m&rdquo; của ph&ograve;ng ngủ.</p>\r\n<p>Tr&aacute;nh đặt giường ngủ ngay dưới dầm hoặc x&agrave; nh&agrave;,  v&igrave; sẽ tạo cảm gi&aacute;c  bất an cho ngườI ngủ trong ph&ograve;ng. Nếu kh&ocirc;ng c&oacute; c&aacute;ch  xếp đặt n&agrave;o kh&aacute;c  n&ecirc;n l&agrave;m một trần giả hoặc đặt những vật trang tr&iacute; che  k&iacute;n dầm nh&agrave;.</p>\r\n<p>Tr&aacute;nh đặt vật dụng, kiến tr&uacute;c c&oacute; dạng mũi t&ecirc;n  chĩa v&agrave;o ph&ograve;ng ngủ.</p>\r\n<p>Kh&ocirc;ng để gương đối diện với giường ngủ hoặc cửa  ph&ograve;ng ngủ bất kể l&agrave; từ hướng n&agrave;o.</p>\r\n<p>S&agrave;n ph&ograve;ng ngủ n&ecirc;n bằng hoặc cao hơn s&agrave;n toilet.</p>\r\n<p>Ph&ograve;ng ngủ n&ecirc;n c&oacute; &iacute;t g&oacute;c cạnh, tr&aacute;nh tạo h&igrave;nh cửa  ph&ograve;ng ngủ theo dạng c&oacute; g&oacute;c nhọn hoặc dạng tr&ograve;n.</p>\r\n<p>Giường n&ecirc;n dựa v&agrave;o &iacute;t nhất l&agrave; một bức tường của ph&ograve;ng ngủ.  Kh&ocirc;ng n&ecirc;n đặt giường ngủ ở ph&iacute;a tường c&oacute; cửa ra v&agrave;o.</p>\r\n<p>Kh&ocirc;ng n&ecirc;n gh&eacute;p hai giường l&agrave;m một nếu như muốn  nằm tr&ecirc;n một giường lớn m&agrave; n&ecirc;n mua một chiếc giường khổ lớn.</p>\r\n<p>Kh&ocirc;ng n&ecirc;n đặt nhiều hoa tươi v&agrave; hạn chế trồng c&acirc;y  xanh to trong ph&ograve;ng ngủ, nếu bạn muốn c&oacute; giấc ngủ ngon v&agrave; một sức khỏe  tốt.</p>\r\n<p>Đồ đạc trong ph&ograve;ng ngủ được k&ecirc; đ&uacute;ng hướng, được sắp đặt ngăn  nắp,  ph&ugrave; hợp vớI sinh kh&iacute; l&agrave; bạn đ&atilde; nắm giữ được trong tay 50% sự thăng  hoa  của hạnh ph&uacute;c lứa đ&ocirc;i..</p>\r\n<p>Vậy 50% c&ograve;n lại l&agrave; g&igrave;? Chuy&ecirc;n gia tư vấn của Bellizeno sẽ tiếp  tục bật m&iacute; cho bạn ở kỳ 2 số b&aacute;o sau với chủ đề:</p>\r\n<p><em>Bật m&iacute; &ldquo;b&iacute; mật&rdquo;&hellip; những ph&uacute;t gi&acirc;y thăng hoa</em></p>\r\n<div style=\"text-align: right;\">(B&aacute;o Cẩm nang mua sắm th&aacute;ng 11/2008)</div>\r\n</div>\r\n<span class=\"article_separator\">&nbsp;</span></div>', null, null, 'Theo các chuyên gia, phòng ngủ đóng vai trò rất quan trọng đối với cuộc sống con người. Trong cả một đời người có đến 1/3 thời gian là bạn dành cho giấc ngủ.');
INSERT INTO `news_lang` VALUES ('92', '1', 'Company', '<p>No content</p>', null, null, 'Company');
INSERT INTO `news_lang` VALUES ('92', '2', 'Chương trình khuyến mại của Tập đoàn Hiệp Hưng', '<h2 class=\"contentheading\">&nbsp;</h2>\r\n<div class=\"article-content\">Tập đo&agrave;n Hiệp Hưng giảm gi&aacute; 20% nh&acirc;n  dịp ra mắt sản phẩm Bellizeno\r\n<p>Nh&acirc;n  dịp khai trương ra mắt sản phẩm mới, ch&uacute;ng t&ocirc;i sẽ giảm gi&aacute; 20%  cho kh&aacute;ch  h&agrave;ng khi mua c&aacute;c sản phẩm nh&atilde;n hiệu Benllizeno tại địa chỉ  130 D Thuỵ  Khu&ecirc;- Q. T&acirc;y Hồ - H&agrave; Nội, đặc biệt kh&aacute;ch h&agrave;ng mua sản phẩm  chăn ga, gối  sẽ được giặt l&agrave; miễn ph&iacute; cho 2 lần giặt đầu ti&ecirc;n.</p>\r\n<p>Qu&yacute; kh&aacute;ch mua h&agrave;ng l&agrave;m qu&agrave; tặng cũng sẽ được g&oacute;i qu&agrave; v&agrave; giao  h&agrave;ng  miễn ph&iacute; tận nh&agrave; trong khu vựcquận ch&iacute;nh: Quận T&acirc;y Hồ, Quận Ba  Đ&igrave;nh,  Quận Ho&agrave;n Kiếm.</p>\r\n</div>', null, null, 'Nhân dịp khai trương ra mắt sản phẩm mới, chúng tôi sẽ giảm giá 20% cho khách hàng khi mua các sản phẩm nhãn hiệu Benllizeno tại địa chỉ 130 D Thuỵ Khuê- Q. Tây Hồ - Hà Nội, đặc biệt khách hàng mua sản phẩm chăn ga, gối sẽ được giặt là miễn phí cho 2 lần ');
INSERT INTO `news_lang` VALUES ('93', '1', 'Gifts', '<p>No content</p>', null, null, 'Heart');
INSERT INTO `news_lang` VALUES ('93', '2', 'Món quà đặc sắc mừng đại lễ ', '<div class=\"mainbody-right\">\r\n<h2 class=\"contentheading\">&nbsp;</h2>\r\n<div class=\"article-content\">\r\n<p><img height=\"115\" width=\"160\" src=\"http://www.bellizeno.com.vn/images/stories/tintuc/monquadacsac.jpg\" alt=\"monquadacsac\" style=\"float: left;\" />Mỗi  một tr&aacute;i tim, khối &oacute;c của ngư&ograve;i Việt Nam c&oacute; c&aacute;ch nh&igrave;n v&agrave; c&aacute;ch y&ecirc;u H&agrave;  Nội  dưới mỗi g&oacute;c độ kh&aacute;c nhau nhưng tựu chung lại tất cả đều c&oacute; một  mong muốn l&agrave; H&agrave; Nội sẽ m&atilde;i l&agrave; một th&agrave;nh phố thơ mộng, ho&agrave; b&igrave;nh với những  con người t&agrave;i hoa m&agrave;  giản dị.  C&ugrave;ng d&ograve;ng suy nghĩ đ&oacute;, l&agrave; một người con  của H&agrave; Nội b&agrave; Đo&agrave;n Thị Hữu Nghị c&ugrave;ng với to&agrave;n thể chị em  trong Tập  Đo&agrave;n Hiệp Hưng đ&atilde; d&acirc;ng l&ecirc;n Đại Lễ 1000 năm Thăng Long một m&oacute;n qu&agrave; với 25  t&aacute;c phẩm về đề t&agrave;i phố cổ được th&ecirc;u tr&ecirc;n nền trăn trần.</p>\r\n<p>C&oacute; những m&oacute;n qu&agrave; chỉ để chỉ để chi&ecirc;m ngưỡng, cảm nhận nhưng với 25  t&aacute;c phẩm của Tập Đo&agrave;n Hiệp Hưng qua triển l&atilde;m &ldquo;H&agrave; Th&agrave;nh Xưa với  Bellizeno&rdquo;  kh&ocirc;ng chỉ  l&agrave; tấm l&ograve;ng tri &acirc;n của người con H&agrave; Nội m&agrave; c&ograve;n  mang đến sự cảm nhận về mặt nghệ thuật, lịch sử,m&ocirc;i trường  v&agrave; điều quan  trọng l&agrave; mang t&iacute;nh ứng dụng cao.</p>\r\n<p><strong>Th&ecirc;u dệt từ l&ograve;ng tri &acirc;n v&agrave; t&acirc;m huyết một  cuộc đời. </strong></p>\r\n<p>&ldquo; T&ocirc;i v&ocirc; c&ugrave;ng may mắn v&agrave; tự h&agrave;o được sinh ra tr&ecirc;n mảnh đất Thăng   Long ngh&igrave;n năm văn hiến. Tuổi thơ của t&ocirc;i đ&atilde; gắn liền với ng&otilde; nhỏ, phổ  nhỏ, với  tiếng leng keng của t&agrave;u điện rời ga hay những buổi chiều t&agrave;  dạo chơi tr&ecirc;n x&iacute;ch  l&ocirc; v&ograve;ng quanh phố cổ. T&ocirc;i y&ecirc;u H&agrave; nội với những hồ  nước b&igrave;nh y&ecirc;n v&agrave; những huyền  thoại về vua L&ecirc; Lợi trả lại kiếm cho r&ugrave;a  v&agrave;ng.</p>\r\n<p style=\"text-align: center;\"><img height=\"281\" width=\"500\" src=\"http://www.bellizeno.com.vn/images/stories/tintuc/monquadacsac1.jpg\" alt=\"monquadacsac1\" /></p>\r\n<p>T&igrave;nh y&ecirc;u của t&ocirc;i đối với H&agrave; Nội  ng&agrave;y c&agrave;ng lớn l&ecirc;n theo mỗi bước  thăng trầm của cuộc sống của ch&iacute;nh t&ocirc;i v&agrave; c&oacute; lẽ  v&igrave; thế m&agrave; H&agrave; Nội l&agrave; một  phần m&aacute;u thịt của t&ocirc;i. Tinh y&ecirc;u v&agrave; tự h&agrave;o về H&agrave; Nội đ&atilde;  cho t&ocirc;i nguồn  cảm x&uacute;c để cho ra đời bộ sưu tập k&iacute;nh d&acirc;ng l&ecirc;n Đại lễ Kỷ ni&ecirc;m  H&agrave; nội  1000 năm tuổi. Đ&acirc;y l&agrave; bộ sưu tập đầy t&acirc;m huyết của t&ocirc;i v&agrave; anh chị em c&aacute;n   bộ Tập đo&agrave;n Hiệp Hưng thay cho lời tri &acirc;n đến c&aacute;c liệt tổ, liệt t&ocirc;ng,  c&aacute;c anh  h&ugrave;ng , cac lớp cha, anh đ&atilde;  x&acirc;y dựng  va g&igrave;n gĩư H&agrave; Th&agrave;nh y&ecirc;u  dấu.  Với sự t&aacute;i hiện lại những h&igrave;nh ảnh về một H&agrave; Th&agrave;nh xưa,ch&uacute;ng t&ocirc;i  mong muốn tất  cả ch&uacute;ng ta c&ugrave;ng nhau g&igrave;n gĩư va t&ocirc; đẹp th&ecirc;m H&agrave; Th&agrave;nh cổ  k&iacute;nh, hiện đại , đầy tinh thơ, l&atilde;ng mạn nhưng v&ocirc;  c&ugrave;ng dung di, qua đ&oacute;  tất cả những người con H&agrave;  Th&agrave;nh n&oacute;i ri&ecirc;ng va những nguời con đất Việt  n&oacute;i chung  c&agrave;ng th&ecirc;m gắn b&oacute; với mảnh đất  thi&ecirc;ng li&ecirc;ng n&agrave;y, c&oacute; tr&aacute;ch  nhiệm x&acirc;y dựng v&agrave;  g&igrave;n giữ một nền văn ho&aacute; ti&ecirc;n tiến đậm đ&agrave; bản sắc văn  ho&aacute; d&acirc;n tộc&rdquo; - Đ&acirc;y ch&iacute;nh  l&agrave; những ước muốn, kh&aacute;t khao m&agrave; b&agrave; Đo&agrave;n Thị  Hữu Nghị Chủ tịch HĐQT Tập đo&agrave;n  Hiệp Hưng đ&atilde; t&acirc;m sự với ph&oacute;ng vi&ecirc;n b&aacute;o  Gia đ&igrave;nh sau th&agrave;nh c&ocirc;ng của &ldquo;Triển l&atilde;m  H&agrave; th&agrave;nh Xưa với Bellizeno&rdquo; được  bạn b&egrave; trong nước v&agrave; quốc tế  hoan  ngh&ecirc;nh  v&agrave;  ủng hộ.</p>\r\n<p style=\"text-align: center;\"><img height=\"281\" width=\"500\" src=\"http://www.bellizeno.com.vn/images/stories/tintuc/monquadacsac2.jpg\" alt=\"monquadacsac2\" /></p>\r\n<p>Cũng bởi t&acirc;m huyết đ&oacute; m&agrave; B&agrave; Nghị đ&atilde; d&agrave;nh bao thời  gian v&agrave; c&ocirc;ng sức  nghi&ecirc;n cứu hơn 400 bức ảnh về H&agrave; Nội xưa, thậm ch&iacute; th&ecirc;m những  bức vẽ về  phố cổ của danh hoạ t&agrave;i ba  đất  Kinh Kỳ B&ugrave;i Xu&acirc;n Ph&aacute;i, song song với  điều đ&oacute; b&agrave; t&igrave;m đến gặp gỡ c&aacute;c nh&agrave; sử  học, c&aacute;c b&agrave;, c&aacute;c b&aacute;c - những người  con của H&agrave; Nội cổ xưa để nghe v&agrave; hiểu th&ecirc;m  nhiều về nếp nh&agrave;, con  người, nghệ thuật cũng như &yacute; nghĩa của mỗi một di t&iacute;ch  lịch sử m&agrave; người  xưa đ&atilde; x&acirc;y dựng n&ecirc;n.  Từ sự cảm nhận qua 400 bức ảnh cũng  như những  th&ocirc;ng tin thu thập được.  Với &yacute; tưởng về nghệ thuật  c&ugrave;ng với những tư  liệu đ&atilde; được chắt lọc qua  sự tranh thủ &yacute; kiến đ&oacute;ng g&oacute;p của c&aacute;c nh&agrave; sử  học, c&aacute;c nh&agrave; x&atilde; hội học  b&agrave; đ&atilde;   c&ugrave;ng chị em trong Tập đo&agrave;n th&ecirc;u dệt n&ecirc;n  25 t&aacute;c phẩm về H&agrave; Nội xưa dưới  nhiều g&oacute;c độ kh&aacute;c nhau qua chủ đề của  mỗi t&aacute;c phẩm. T&aacute;c phẩm k&yacute; ức tuổi thơ  mang đến một th&ocirc;ng điệp l&agrave; ch&uacute;ng  ta cải tạo v&agrave; ph&aacute;t triển  nhưng phải bảo  tồn v&agrave; g&igrave;n giữ văn ho&aacute; truyền  thống . Đ&oacute;  cũng l&agrave;  niềm khao kh&aacute;t,  ước ao được  g&igrave;n giữ bản sắc ng&agrave;n  năm của  H&agrave; Th&agrave;nh của tất cả những   người d&agrave;nh t&igrave;nh y&ecirc;u với H&agrave; Nội.</p>\r\n<p style=\"text-align: center;\">H&atilde;y giữ gi&ugrave;m em phố cũ r&ecirc;u phong</p>\r\n<p style=\"text-align: center;\">Trong k&yacute; Th&aacute;p Ho&agrave; Phong tr&agrave;n nắng</p>\r\n<p style=\"text-align: center;\">Em đ&atilde;  kh&oacute;c cho ng&agrave;y xưa l&atilde;ng mạn</p>\r\n<p style=\"text-align: center;\">Khi bước ch&acirc;n  t&igrave;m về phố cũ đ&atilde; đổi thay.</p>\r\n<p style=\"text-align: center;\"><img height=\"281\" width=\"500\" src=\"http://www.bellizeno.com.vn/images/stories/tintuc/monquadacsac3.jpg\" alt=\"monquadacsac3\" /></p>\r\n<p>Với b&agrave; Nghị - một thiếu nữ H&agrave; Th&agrave;nh , đ&atilde; c&oacute; được tuổi thơ   hạnh ph&uacute;c  b&ecirc;n cha mẹ trong một nếp nh&agrave; H&agrave; Nội xưa đ&atilde; h&igrave;nh th&agrave;nh trong b&agrave; một   nh&acirc;n c&aacute;ch chung của người H&agrave; Nội,  mang đến một tấm l&ograve;ng thiện nguyện   trong cuộc sống cũng như trong con đường kinh doanh ch&iacute;nh đạo. Nỗi niềm  s&acirc;u k&iacute;n  của người con g&aacute;i H&agrave; Nội b&agrave; đ&atilde; gửi gắm qua t&aacute;c phẩm &ldquo;Ch&ugrave;a một  cột &rdquo; H&igrave;nh ảnh  người con g&aacute;i d&acirc;ng sen n&ecirc;n đức phật l&agrave; sự tượng trưng  cho hạnh nguyện của người  con g &aacute;i H&agrave; nội  hướng về đức phật với kh&aacute;t  khao hướng thiện,  để  nương tựa, mưu cầu hạnh ph&uacute;c an l&agrave;nh để từ đ&oacute; tự  r&egrave;n rũa m&igrave;nh lu&ocirc;n trong s&aacute;ng  như Hoa Sen kia khi đứng trước đức Bồ T&aacute;t  đại từ, đại bi.</p>\r\n<p style=\"text-align: center;\">Giữa chiều t&agrave; b&ecirc;n ch&ugrave;a một cột</p>\r\n<p style=\"text-align: center;\">Chắp hai tay con hướng về đức phật</p>\r\n<p style=\"text-align: center;\">Đo&aacute; Sen hồng tinh khiết giữa trần ai</p>\r\n<p style=\"text-align: center;\">Trong tiếng thiền thoang thoảng b&ecirc;n tai</p>\r\n<p style=\"text-align: center;\">Khai s&aacute;ng t&acirc;m con tr&ecirc;n con đường ch&iacute;nh đạo&hellip;</p>\r\n<p style=\"text-align: center;\"><img height=\"281\" width=\"500\" src=\"http://www.bellizeno.com.vn/images/stories/tintuc/monquadacsac4.jpg\" alt=\"monquadacsac4\" title=\"Bellizenovoi h&agrave; th&agrave;nh\" /></p>\r\nC&oacute; thể n&oacute;i 25 t&aacute;c phẩm về phố cổ, dưới b&agrave;n tay t&agrave;i hoa của c&aacute;c nghệ nh&acirc;n  của Tập đo&agrave;n đ&atilde; th&ecirc;u dệt n&ecirc;n bằng cảm x&uacute;c ch&acirc;n th&agrave;nh, bằng tr&iacute; tuệ v&agrave;  hồn Việt mang đến một &ldquo; H&agrave; Th&agrave;nh  xưa&rsquo;&rsquo; gần gũi, s&acirc;u lắng v&agrave; tr&agrave;n ngập  cảm x&uacute;c. Tuy nhi&ecirc;n ở đ&acirc;y ch&uacute;ng t&ocirc;i mới chỉ đề cập được &yacute; nghĩa chi tiết  của 2 trong 25 t&aacute;c phẩm qua đợt triển l&atilde;m vừa qua. Khi Ph&oacute;ng vi&ecirc;n ch&uacute;ng  t&ocirc;i được chi&ecirc;m ngưỡng 25 t&aacute;c phẩm cũng như t&igrave;m hiểu về &yacute; nghĩa qua chủ  nh&acirc;n đ&atilde; l&agrave;m ra n&oacute;, ch&uacute;ng t&ocirc;i đ&atilde; thật sự bất ngờ v&agrave; x&uacute;c động  trước gi&aacute;  trị thật sự của t&aacute;c phẩm bởi c&aacute;c t&aacute;c phẩm kh&ocirc;ng chỉ dừng lại ở mặt nghệ  thuật, m&ocirc;i trường, &yacute; nghĩa lịch sử, t&iacute;nh ứng dụng cao m&agrave; c&ograve;n như l&agrave; nhịp  cầu kết nối giữa những con người c&oacute; tr&aacute;i tim nh&acirc;n hậu đến với cộng  đồng- Đ&oacute; l&agrave; 25 t&aacute;c phẩm đ&atilde; được c&aacute;c doanh nh&acirc;n đấu gi&aacute; để to&agrave;n bộ số  tiền đ&oacute; đem x&acirc;y nh&agrave; t&igrave;nh nghĩa cho phụ nữ ngh&egrave;o ở v&ugrave;ng ngoại &ocirc;.</div>\r\n<span class=\"article_separator\">&nbsp;</span></div>', null, null, 'Tình yêu của tôi đối với Hà Nội ngày càng lớn lên theo mỗi bước thăng trầm của cuộc sống của chính tôi và có lẽ vì thế mà Hà Nội là một phần máu thịt của tôi');
INSERT INTO `news_lang` VALUES ('95', '1', 'Smart Consumer', '<p><span lang=\"en\" id=\"result_box\"><span style=\"\" title=\"\">In modern society, one must purchase, who is also a consumer and no one is sure that you have a smart consumer.<br />\r\n<br />\r\n</span><span style=\"\" title=\"\">Since  15/12/2008, more than 80 million consumers in Vietnam will have a  reference channel efficiency, Helpful, honest and lively on the consumer  market. </span><span style=\"\" title=\"\">It\'s TV\'s Smart Consumer Vietnam Television.<br />\r\n<br />\r\n</span><span style=\"\" title=\"\">Broadcast  daily on over 1830 minutes VTV1, Consumer Smart is a program of market  information and consumer advice, towards large consumers of Vietnam,  both practical and closer to the audience, just </span><span style=\"\" title=\"\">work  actively to influence consumer culture and lifestyles of Vietnamese  people use smart trinhTieu Nam.Voi chapter, News Department - Vietnam  Television Station and build a forum to receive direct and counter </span><span style=\"\" title=\"\">light  the opinions of consumers, protect the interests of consumers, creating  an effective bridge for enterprises and managers to better meet the  needs of the market.<br />\r\n<br />\r\n</span><span style=\"\" title=\"\">Program  update information about hot commodity, service providers, and how to  spend a reasonable, effective and economical for families. </span><span style=\"\" title=\"\">As  a product of News Department - Vietnam Television Station, Consumer  intelligent targeting information and advice objective, reliable,  serious every consumer, every business. </span><span style=\"\" title=\"\">As a fraction of the program daily life, consumption smart approach and show very close to life.<br />\r\n<br />\r\n</span><span style=\"\" title=\"\">Daily consumption intelligent brought to the audience:<br />\r\n<br />\r\n</span><span style=\"\" title=\"\">-  Market News: The news brief mention all the information that consumers  interested in Vietnam as changes in price, supply and demand,  distributors, changes in government policies, changes </span><span style=\"\" title=\"\">world market has affected Vietnam<br />\r\n<br />\r\n</span><span style=\"\" title=\"\">- Moving the market: reports reflecting the dynamic evolution of the consumer market Vietnam<br />\r\n<br />\r\n</span><span style=\"\" title=\"\">-  Feedback market: Comments, questions, suggestions of consumers for a  product / service and solve specific business, management agencies.<br />\r\n<br />\r\n</span><span style=\"\" title=\"\">On  present form, this is the first time Vietnam Television, in conjunction  with MediaOne Communications Company, uses image processing technology  as frame rate of 16:9 instead of 3:4 frame </span><span title=\"\">tradition. </span><span style=\"\" title=\"\">Frame  16 / 9 to help viewers keep track of information running on screen text  is very convenient for both traditional TV and LCD TV, modern plasma,  which does not obscure or distort any part of any photo program </span><span title=\"\">.<br />\r\n<br />\r\n</span><span style=\"\" title=\"\">Not  only to the audience at 18:30 every day on VTV1, Consumer Smart also  offers information and receive recommendations from the audience through  tieudungthongminh@mediaone.vn websitewww.tieudungthongminh.vn and email  address email address </span><span style=\"\" title=\"\">This being protected from spam bots, you need JavaScript enabled to view it. </span><span title=\"\">.<br />\r\n<br />\r\n</span><span style=\"\" title=\"\">&quot;Consumers  will be the center of the program. We not only aims to provide  information to consumers to better understand Vietnam market and the  goods and services, from which the consumer decide exactly </span><span style=\"\" title=\"\">,  but the program also protects the legitimate rights of consumers,  promote the formation of a consumer culture is good for Vietnam,  creating consumer saving habits and healthy. &quot; </span><span title=\"\">- Mr. Nguyen Quang Thang, Acting Head of News Department of Vietnam Television said.<br />\r\n<br />\r\n</span><span style=\"\" title=\"\">&quot;Consumer  Smart is a program of interactive News Department, towards the  consumers of Vietnam, to help consumers and businesses closer together.  That\'s why we sponsor the Consumer </span><span title=\"\">intelligent. &quot; </span><span style=\"\" title=\"\">-  Tran Phuong Binh, General Director of Bank of East Asia,  representatives of donor and Bank of East Asia Co., Phu Nhuan Jewelry  (PNJ), said.</span></span></p>', null, null, 'No content');
INSERT INTO `news_lang` VALUES ('95', '2', 'Tiêu dùng thông minh ', '<div>\r\n<div class=\"contentpaneopen\">\r\n<h2 class=\"contentheading\">&nbsp;</h2>\r\n<div class=\"article-content\"><br />\r\n<table cellspacing=\"0\" cellpadding=\"0\" border=\"0\" align=\"left\" width=\"100%\">\r\n    <tbody>\r\n        <tr>\r\n            <td align=\"justify\">\r\n            <p>Trong x&atilde; hội hiện đại, ai cũng phải mua sắm, ai cũng l&agrave; một người  ti&ecirc;u d&ugrave;ng v&agrave; kh&ocirc;ng ai d&aacute;m chắc rằng, m&igrave;nh đ&atilde; ti&ecirc;u d&ugrave;ng một c&aacute;ch th&ocirc;ng  minh.</p>\r\n            <p>Kể từ ng&agrave;y 15/12/2008, hơn 80 triệu người ti&ecirc;u d&ugrave;ng Việt Nam sẽ c&oacute;  th&ecirc;m một k&ecirc;nh th&ocirc;ng tin tham khảo Hiệu quả, Hữu &iacute;ch, Ch&acirc;n thực v&agrave; Sinh  động về Thị trường ti&ecirc;u d&ugrave;ng. Đ&oacute; l&agrave; chương tr&igrave;nh truyền h&igrave;nh&nbsp;<strong><em>Ti&ecirc;u d&ugrave;ng th&ocirc;ng minh </em></strong>của Đ&agrave;i Truyền h&igrave;nh Việt Nam.</p>\r\n            <p>Ph&aacute;t s&oacute;ng v&agrave;o 18h30 ph&uacute;t h&agrave;ng ng&agrave;y tr&ecirc;n k&ecirc;nh VTV1,&nbsp;<strong><em>Ti&ecirc;u d&ugrave;ng th&ocirc;ng minh </em></strong>l&agrave;  một chương tr&igrave;nh th&ocirc;ng tin thị trường v&agrave; tư vấn ti&ecirc;u d&ugrave;ng, hướng tới  đ&ocirc;ng đảo người ti&ecirc;u d&ugrave;ng Việt Nam, vừa thiết thực v&agrave; gần gũi với kh&aacute;n  giả, vừa c&oacute; t&aacute;c dụng tạo ảnh hưởng t&iacute;ch cực tới văn h&oacute;a ti&ecirc;u d&ugrave;ng v&agrave;  phong c&aacute;ch sống của người d&acirc;n Việt Nam.Với chương tr&igrave;nh<strong><em>Ti&ecirc;u d&ugrave;ng th&ocirc;ng minh,</em></strong>  Ban Thời sự - Đ&agrave;i Truyền h&igrave;nh Việt Nam x&acirc;y dựng một chuy&ecirc;n mục tiếp  nhận trực tiếp v&agrave; phản &aacute;nh &yacute; kiến của người ti&ecirc;u d&ugrave;ng, bảo vệ quyền lợi  người ti&ecirc;u d&ugrave;ng, tạo n&ecirc;n cầu nối hiệu quả để c&aacute;c doanh nghiệp v&agrave; nh&agrave;  quản l&yacute; đ&aacute;p ứng tốt hơn nhu cầu của thị trường.</p>\r\n            <p>Chương tr&igrave;nh cập nhật những th&ocirc;ng tin n&oacute;ng về h&agrave;ng h&oacute;a, dịch vụ v&agrave;  c&aacute;c nh&agrave; cung cấp, đồng thời hướng dẫn c&aacute;ch chi ti&ecirc;u hợp l&yacute;, hiệu quả v&agrave;  tiết kiệm đối với c&aacute;c gia đ&igrave;nh. L&agrave; sản phẩm của Ban Thời sự - Đ&agrave;i Truyền  h&igrave;nh Việt Nam,&nbsp;<strong><em>Ti&ecirc;u d&ugrave;ng th&ocirc;ng minh </em></strong>hướng tới  mục ti&ecirc;u th&ocirc;ng tin v&agrave; tư vấn kh&aacute;ch quan, tin cậy, nghi&ecirc;m t&uacute;c của mỗi  người ti&ecirc;u d&ugrave;ng, mỗi doanh nghiệp. L&agrave; một th&agrave;nh phần trong chuỗi chương  tr&igrave;nh&nbsp;<strong>Cuộc sống thường ng&agrave;y</strong>,&nbsp;<strong><em>Ti&ecirc;u d&ugrave;ng th&ocirc;ng minh </em></strong>c&oacute; c&aacute;ch tiếp cận v&agrave; thể hiện hết sức gần gũi với đời sống.</p>\r\n            <p>H&agrave;ng ng&agrave;y&nbsp;<strong><em>Ti&ecirc;u d&ugrave;ng th&ocirc;ng minh</em></strong> đưa tới cho kh&aacute;n giả:</p>\r\n            <p>-&nbsp;&nbsp;&nbsp;&nbsp;&nbsp;&nbsp;&nbsp;<strong>Th&ocirc;ng tin thị trường</strong>: Phần tin vắn đề cập  đến tất cả những th&ocirc;ng tin m&agrave; người ti&ecirc;u d&ugrave;ng Việt Nam quan t&acirc;m như thay  đổi gi&aacute; cả, cung cầu, nh&agrave; ph&acirc;n phối, thay đổi trong ch&iacute;nh s&aacute;ch của  Ch&iacute;nh phủ, thay đổi của thị trường thế giới c&oacute; ảnh hưởng tới Việt Nam</p>\r\n            <p>-&nbsp;&nbsp;&nbsp;&nbsp;&nbsp;&nbsp;&nbsp;<strong>Chuyển động thị trường</strong>: Ph&oacute;ng sự phản &aacute;nh những diễn biến s&ocirc;i động của thị trường h&agrave;ng ti&ecirc;u d&ugrave;ng Việt Nam</p>\r\n            <p>-&nbsp;&nbsp;&nbsp;&nbsp;&nbsp;&nbsp;&nbsp;<strong>Phản hồi thị trường</strong>: &Yacute; kiến, thắc mắc, kiến  nghị của người ti&ecirc;u d&ugrave;ng đối với một sản phẩm/dịch vụ cụ thể v&agrave; giải đ&aacute;p  của doanh nghiệp, cơ quan quản l&yacute;.</p>\r\n            <p>Về h&igrave;nh thức thể hiện, đ&acirc;y cũng l&agrave; lần đầu ti&ecirc;n Đ&agrave;i Truyền h&igrave;nh Việt  Nam, kết hợp với C&ocirc;ng ty Truyền th&ocirc;ng MediaOne, sử dụng c&ocirc;ng nghệ xử l&yacute;  h&igrave;nh ảnh theo khu&ocirc;n h&igrave;nh tỷ lệ 16:9 thay v&igrave; khu&ocirc;n h&igrave;nh 3:4 truyền thống.  Khu&ocirc;n h&igrave;nh 16/9 gi&uacute;p kh&aacute;n giả theo d&otilde;i th&ocirc;ng tin dạng chữ chạy tr&ecirc;n m&agrave;n  h&igrave;nh rất thuận tiện với cả TV truyền thống v&agrave; TV LCD, plasma hiện đại,  m&agrave; kh&ocirc;ng che khuất hay b&oacute;p m&eacute;o bất kỳ phần h&igrave;nh ảnh n&agrave;o của chương  tr&igrave;nh.</p>\r\n            <p>Kh&ocirc;ng chỉ đến với kh&aacute;n giả v&agrave;o 18h30 h&agrave;ng ng&agrave;y tr&ecirc;n s&oacute;ng VTV1,&nbsp;<strong><em>Ti&ecirc;u d&ugrave;ng th&ocirc;ng minh </em></strong>c&ograve;n cung cấp th&ocirc;ng tin chi tiết v&agrave; tiếp nhận &yacute; kiến kh&aacute;n giả qua website<a href=\"http://www.tieudungthongminh.vn/\">www.tieudungthongminh.vn</a> v&agrave; địa chỉ email&nbsp;  <a href=\"mailto:tieudungthongminh@mediaone.vn\">tieudungthongminh@mediaone.vn</a> <span style=\"display: none;\">Địa chỉ email n&agrave;y đ&atilde; được bảo vệ từ spam bots, bạn cần k&iacute;ch hoạt Javascript để xem n&oacute;.  </span>.</p>\r\n            <p>&quot;<em>Người ti&ecirc;u d&ugrave;ng sẽ l&agrave; trung t&acirc;m của chương tr&igrave;nh. Ch&uacute;ng t&ocirc;i  kh&ocirc;ng chỉ hướng tới cung cấp th&ocirc;ng tin để người ti&ecirc;u d&ugrave;ng Việt Nam hiểu  r&otilde; hơn thị trường v&agrave; h&agrave;ng h&oacute;a, dịch vụ, từ đ&oacute; c&oacute; những quyết định ti&ecirc;u  d&ugrave;ng ch&iacute;nh x&aacute;c,&nbsp;&nbsp;m&agrave; chương tr&igrave;nh c&ograve;n bảo vệ những quyền lợi ch&iacute;nh đ&aacute;ng  của người ti&ecirc;u d&ugrave;ng, th&uacute;c đẩy việc h&igrave;nh th&agrave;nh một văn h&oacute;a ti&ecirc;u d&ugrave;ng ph&ugrave;  hợp với người Việt Nam,&nbsp;&nbsp;tạo dựng th&oacute;i quen ti&ecirc;u d&ugrave;ng tiết kiệm, l&agrave;nh  mạnh.</em>&quot; -&nbsp;&nbsp;&Ocirc;ng Nguyễn Quang Thắng, Quyền Trưởng Ban Thời sự Đ&agrave;i Truyền h&igrave;nh Việt Nam cho biết.</p>\r\n            <p>&quot;<strong><em>Ti&ecirc;u d&ugrave;ng th&ocirc;ng minh </em></strong><em> l&agrave; một chương  tr&igrave;nh c&oacute; t&iacute;nh tương t&aacute;c cao của Ban Thời sự, hướng tới người ti&ecirc;u d&ugrave;ng  Việt Nam, gi&uacute;p người ti&ecirc;u d&ugrave;ng v&agrave; doanh nghiệp x&iacute;ch lại gần nhau. Đ&oacute; l&agrave;  l&yacute; do ch&uacute;ng t&ocirc;i t&agrave;i trợ cho&nbsp;<strong>Ti&ecirc;u d&ugrave;ng th&ocirc;ng minh</strong>.&quot;</em>  - &Ocirc;ng Trần Phương B&igrave;nh, Tổng GĐ Ng&acirc;n h&agrave;ng Đ&ocirc;ng &Aacute;, đại diện c&aacute;c nh&agrave; t&agrave;i  trợ Ng&acirc;n h&agrave;ng Đ&ocirc;ng &Aacute; v&agrave; C&ocirc;ng ty V&agrave;ng bạc Đ&aacute; Qu&yacute; Ph&uacute; Nhuận (PNJ), khẳng  định.</p>\r\n            </td>\r\n        </tr>\r\n    </tbody>\r\n</table>\r\n</div>\r\n</div>\r\n<span class=\"article_separator\">&nbsp;</span></div>', null, null, 'Chương trình cập nhật những thông tin nóng về hàng hóa, dịch vụ và các nhà cung cấp, đồng thời hướng dẫn cách chi tiêu hợp lý, hiệu quả và tiết kiệm đối với các gia đìnhdùng một cách thông minh.');
INSERT INTO `news_lang` VALUES ('97', '1', 'New excutive', '<p>No content</p>', null, null, 'Super Group');
INSERT INTO `news_lang` VALUES ('97', '2', 'Tân giám đốc PLAN đến thăm nhà máy sản xuất của Tập Đoàn Hiệp Hưng ', '<div class=\"mainbody-right\">\r\n<h2 class=\"contentheading\"><a class=\"contentpagetitle\" href=\"http://bellizeno.com.vn/index.php?option=com_content&amp;view=article&amp;id=10:tan-giam-c-plan-n-thm-nha-may-sn-xut-ca-tp-oan-hip-hng&amp;catid=2:tin-tc&amp;Itemid=52\"> 		</a></h2>\r\n<div class=\"article-content\"><img height=\"115\" width=\"160\" src=\"http://bellizeno.com.vn/images/stories/tintuc/thamnhamay.jpg\" alt=\"thamnhamay\" style=\"margin-right: 5px; float: left;\" />T&acirc;n gi&aacute;m&nbsp; đốc PLAN đến thăm nh&agrave; m&aacute;y sản xuất của Tập Đo&agrave;n Hiệp Hưng</div>\r\n<span class=\"article_separator\">&nbsp;</span></div>', null, null, 'Tập Đoàn Hiệp Hưng ');
INSERT INTO `page` VALUES ('1', 'presentation', 'presentation', 'presentation');
INSERT INTO `page` VALUES ('2', 'accueil', 'accueil', 'accueil');
INSERT INTO `tbl_contact` VALUES ('9', 'asd', 'adsasd', 'adsa@gmail.com', '213123213213', 'adsad', '1311147084');
INSERT INTO `users` VALUES ('1', 'admin', 'e10adc3949ba59abbe56e057f20f883e', 'admin@bollywood.com', '1', null, '1', '1307077917', '1320160010');
INSERT INTO `users` VALUES ('2', 'tung', '', '', null, null, null, '0', '0');
INSERT INTO `users_groups` VALUES ('1', 'site_admin', 'Website Administrator');
INSERT INTO `users_groups` VALUES ('2', 'admin', 'System Administrators');
INSERT INTO `users_groups` VALUES ('3', 'user', 'Client Users');
INSERT INTO `users_profiles` VALUES ('1', '1', 'Gweb Administrator', 'Gweb', 'Admin', 'Gweb', '675938820', 'f', '0488545448884', '0974393086', 'some where', '91a9a4e101a30e8d430b9e9cb93b4859.jpg');
